Symbol,Adj Multiple,Date,Average Price,Adj Average Price,Forward Lag  1,Prediction
CAAED,0.099737532808398963,2012-01-02 00:00:00,0.76000000000000001,7.6200000000000001,0.011844673261996121,-0.003543145426138157
YRCW,1.0,2012-01-03 00:00:00,8.6524999999999999,8.6524999999999999,0.058364634498699663,0.011301060475235995
EDMC,1.0,2012-01-04 00:00:00,24.557500000000001,24.557500000000001,-0.041433370660694191,0.02674612847697137
KNDI,1.0,2012-01-05 00:00:00,3.1299999999999999,3.1299999999999999,0.0039936102236421966,0.030369135193920163
MHO,1.0,2012-01-06 00:00:00,9.8499999999999996,9.8499999999999996,0.0010152284263957867,0.016434332801810503
IPCM,1.0,2012-01-09 00:00:00,32.555,32.555,-0.058439563815082203,0.028751949864966767
EBIX,1.0190045248868778,2012-01-10 00:00:00,22.702500000000001,22.279096358792184,-0.0089866664962462445,0.19001539207891319
ARWR,1.0,2012-01-11 00:00:00,5.2925000000000004,5.2925000000000004,-0.014170996693434138,0.22624337503084629
EDMC,1.0,2012-01-12 00:00:00,25.032499999999999,25.032499999999999,0.016778188355138342,0.014596869714688819
BSFT,1.0,2012-01-13 00:00:00,27.982500000000002,27.982500000000002,0.046546948985973571,0.013698874793479674
CAAED,0.10046728971962617,2012-01-16 00:00:00,0.85999999999999999,8.5600000000000005,0.028611538870008332,-0.0063368870105789321
ANGI,1.0,2012-01-17 00:00:00,15.5025,15.5025,0.021125624899209768,0.011112375239055923
MITL,1.0,2012-01-18 00:00:00,2.8500000000000001,2.8500000000000001,0.040350877192982582,0.010552061704147513
KWK,1.0,2012-01-19 00:00:00,5.4175000000000004,5.4175000000000004,-0.0087678818643286416,0.016874275307758622
YGE,1.0,2012-01-20 00:00:00,4.4400000000000004,4.4400000000000004,-0.02195945945945954,0.049169116311337802
PPP,1.0,2012-01-23 00:00:00,3.1175000000000002,3.1175000000000002,-0.0080192461908580315,0.010094386821716348
YGE,1.0,2012-01-24 00:00:00,4.1749999999999998,4.1749999999999998,0.012574850299401195,0.037091971529784398
SONS,1.0,2012-01-25 00:00:00,2.5924999999999998,2.5924999999999998,0.0038572806171648369,0.13075143904761946
PLAB,1.0,2012-01-26 00:00:00,7.2324999999999999,7.2324999999999999,-0.0065675769097821579,0.02135415336347057
DHT,0.093851132686084165,2012-01-27 00:00:00,0.82750000000000001,8.8171551724137931,0.1868881583213966,0.011982362001283123
INSM,1.0,2012-01-30 00:00:00,4.8375000000000004,4.8375000000000004,-0.0010335917312661589,0.018137613667847077
YRCW,1.0,2012-01-31 00:00:00,12.585000000000001,12.585000000000001,0.014898688915375491,0.015480964614273613
KWK,1.0,2012-02-01 00:00:00,4.5625,4.5625,0.075616438356164606,0.0095017404562589593
KWK,1.0,2012-02-02 00:00:00,4.9075000000000015,4.9075000000000015,0.071319409067753359,0.021176821108221361
VTG,1.0,2012-02-03 00:00:00,1.2925,1.2925,-0.0019342359767891004,0.055332293155103865
WGO,1.0,2012-02-06 00:00:00,9.9299999999999997,9.9299999999999997,0.028700906344410807,0.03794550994011936
NSU,1.0891089108910892,2012-02-07 00:00:00,4.6974999999999998,4.3131590909090924,-0.074314151738830825,0.025324778992297001
YRCW,1.0,2012-02-08 00:00:00,13.397500000000001,13.397500000000001,-0.017913789886172649,0.014372937198933738
NSU,1.0873015873015874,2012-02-09 00:00:00,4.1600000000000001,3.8259854014598536,-0.035751678876678739,0.03859987359215291
POWL,1.0077797725912627,2012-02-10 00:00:00,33.715000000000003,33.45472980997625,0.010228066288007652,0.016257300386684732
CSU,1.0,2012-02-13 00:00:00,8.7074999999999996,8.7074999999999996,0.0017226528854437095,0.020101091383887253
RECN,1.0410094637223974,2012-02-14 00:00:00,13.185,12.665590909090909,0.0015189072638188694,0.037964897550097854
ANIK,1.0,2012-02-15 00:00:00,11.262499999999999,11.262499999999999,-0.019311875693673763,0.017055348363753532
ARRY,1.0,2012-02-16 00:00:00,2.8199999999999998,2.8199999999999998,0.0097517730496454735,0.070100570109714599
NSU,1.0891364902506964,2012-02-17 00:00:00,3.9449999999999998,3.6221355498721226,0.0053759695242687755,0.017880679295181015
CAAED,0.10043668122270742,2012-02-20 00:00:00,0.92000000000000004,9.1600000000000001,0.018570565827371599,0.0012400278115000715
YGE,1.0,2012-02-21 00:00:00,4.8274999999999997,4.8274999999999997,-0.079751424132573731,0.14641576904590245
GDOT,1.0,2012-02-22 00:00:00,30.967500000000001,30.967500000000001,0.0032291918947282561,0.038890400141685197
VVUS,1.0,2012-02-23 00:00:00,19.852499999999999,19.852499999999999,0.035385971540108363,0.14914727483048187
LABL,1.0157917200170721,2012-02-24 00:00:00,23.719999999999999,23.351243697478992,-0.012643742168897298,0.84387136964048715
VVUS,1.0,2012-02-27 00:00:00,23.690000000000001,23.690000000000001,-0.038201772899957853,0.037266982708831164
LONG,1.0,2012-02-28 00:00:00,16.684999999999999,16.684999999999999,-0.031465388073119493,0.01385143724864496
VVUS,1.0,2012-02-29 00:00:00,22.57,22.57,0.0024368630926008268,0.020324981997073992
DHT,0.091139240506329128,2012-03-01 00:00:00,1.1025,12.096875000000001,-0.02047901981769196,0.024858057902916057
VVUS,1.0,2012-03-02 00:00:00,21.997499999999999,21.997499999999999,-0.015229003295829104,0.034265501292793189
VVUS,1.0,2012-03-05 00:00:00,21.662500000000001,21.662500000000001,-0.035776110790536553,0.045300042386072617
VVUS,1.0,2012-03-06 00:00:00,20.887499999999999,20.887499999999999,0.035667265110711936,0.027298155984407785
EXTR,1.0,2012-03-07 00:00:00,3.7475000000000014,3.7475000000000014,-0.002001334222815232,0.14892721903249542
VVUS,1.0,2012-03-08 00:00:00,21.324999999999999,21.324999999999999,-0.016295427901524051,0.051484101512693878
ZLTQ,1.0,2012-03-09 00:00:00,6.3824999999999994,6.3824999999999994,0.081472777124951046,0.020359429282935573
ZLTQ,1.0,2012-03-12 00:00:00,6.9024999999999999,6.9024999999999999,0.01810938065918144,0.040106264112687452
SDCJF,1.0,2012-03-13 00:00:00,0.78500000000000003,0.78500000000000003,0.015923566878981003,0.018863469064759088
RGEN,1.0,2012-03-14 00:00:00,4.7449999999999992,4.7449999999999992,0.020021074815595563,0.059679694996451885
CDURQ,1.0,2012-03-15 00:00:00,0.79000000000000004,0.79000000000000004,0.0,0.023108787559159582
ECYT,1.0,2012-03-16 00:00:00,5.2824999999999998,5.2824999999999998,-0.03786086133459543,0.026856359030036844
LONG,1.0,2012-03-19 00:00:00,15.175000000000001,15.175000000000001,-0.010873146622734642,0.017923609807128683
VVUS,1.0,2012-03-20 00:00:00,20.855,20.855,0.011388156317429845,0.054850568206845286
AMLZF,1.0,2012-03-21 00:00:00,8.6999999999999993,8.6999999999999993,-0.075862068965517268,0.019111074215389167
PVG,1.0,2012-03-22 00:00:00,13.395,13.395,0.017170586039567004,0.01947691007531336
PLUG,1.0,2012-03-23 00:00:00,1.3525,1.3525,0.048059149722735839,0.034986192153003574
JIVE,1.0,2012-03-26 00:00:00,27.147500000000001,27.147500000000001,-0.0066304447923380971,0.07284186905162858
ECYT,1.0,2012-03-27 00:00:00,5.5824999999999996,5.5824999999999996,-0.01522615315718745,0.021459777405678056
SREV,1.0,2012-03-28 00:00:00,15.6325,15.6325,-0.017911402526787138,0.011633771827670105
NSU,1.0890207715133531,2012-03-29 00:00:00,3.6124999999999998,3.3172002724795639,0.025853634691181737,0.016278371882029134
INO,1.0,2012-03-30 00:00:00,0.66249999999999998,0.66249999999999998,0.045283018867924518,0.058131894271863722
OREX,1.0,2012-04-02 00:00:00,4.1449999999999996,4.1449999999999996,-0.021109770808202533,0.016040541363544096
AXDX,1.0,2012-04-03 00:00:00,1.0024999999999999,1.0024999999999999,-0.014962593516209544,0.017178492088797133
LABL,1.0158172231985942,2012-04-04 00:00:00,22.847500000000004,22.491743079584779,0.024920245242186168,0.015107095856391851
NSU,1.0876623376623378,2012-04-05 00:00:00,3.4224999999999999,3.14665671641791,-0.017531044558071533,0.016224656848802269
CAAED,0.099879663056558363,2012-04-06 00:00:00,0.82999999999999996,8.3100000000000005,-0.028279181708784518,0.012782286216832457
CCMO,1.0,2012-04-09 00:00:00,5.0499999999999998,5.0499999999999998,0.0,0.024071285663857325
CCMO,1.0,2012-04-10 00:00:00,5.0499999999999998,5.0499999999999998,0.085148514851485224,0.047340897816116147
CAAED,0.099520383693045569,2012-04-11 00:00:00,0.78499999999999992,7.8878313253012049,0.071270372237241864,0.011975916710011228
INSM,1.0,2012-04-12 00:00:00,3.2925,3.2925,-0.053910402429764526,0.0089907850798994684
PZN,1.0836431226765799,2012-04-13 00:00:00,6.0549999999999997,5.5876329331046311,-0.044041214283391916,0.021218479595598812
MNI,1.0,2012-04-16 00:00:00,2.8325,2.8325,-0.018534863195057261,1.6516745547321001
LNCGY,1.0,2012-04-17 00:00:00,11.885,11.885,0.06689103912494733,0.02893104047805925
APSA,1.2839248434237998,2012-04-18 00:00:00,13.0,10.125203252032517,-0.058810189089959053,0.01802039988088917
TNP,1.1075837742504409,2012-04-19 00:00:00,6.2400000000000002,5.6338853503184714,0.023987506746127485,0.021705059705057258
INSM,1.0,2012-04-20 00:00:00,3.0650000000000004,3.0650000000000004,-0.0024469820554650079,0.015252461302168166
GTN,1.0,2012-04-23 00:00:00,1.6174999999999999,1.6174999999999999,0.012364760432766577,0.015622929233603937
AXDX,1.0,2012-04-24 00:00:00,2.5425,2.5425,-0.013765978367748177,0.18049501792368536
ECYT,1.0,2012-04-25 00:00:00,7.1675000000000004,7.1675000000000004,-0.0027903732124173733,0.014558413794361047
RGEN,1.0,2012-04-26 00:00:00,4.46,4.46,-0.017376681614349687,0.030641317644495705
ARWR,1.0,2012-04-27 00:00:00,5.8224999999999998,5.8224999999999998,-0.013739802490339235,0.012615471525229516
TXMD,1.0,2012-04-30 00:00:00,2.5750000000000002,2.5750000000000002,0.0,0.98815584556562608
ECYT,1.0,2012-05-01 00:00:00,7.2050000000000001,7.2050000000000001,0.0,0.042440422612309237
PBY,1.0,2012-05-02 00:00:00,11.4025,11.4025,-0.016882262661696901,0.01682986448876117
PBY,1.0,2012-05-03 00:00:00,11.210000000000001,11.210000000000001,0.002899197145405763,0.034196969025422033
MMSI,1.0,2012-05-04 00:00:00,13.185,13.185,-0.0018960940462646734,0.069696393748210253
BSFT,1.0,2012-05-07 00:00:00,33.435000000000002,33.435000000000002,-0.040002990877822775,0.030750431371494368
SZYM,1.0,2012-05-08 00:00:00,10.282500000000001,10.282500000000001,-0.040359834670556816,0.093606416283508603
AXDX,1.0,2012-05-09 00:00:00,2.9049999999999998,2.9049999999999998,0.090361445783132766,0.024937596141372882
ANGI,1.0,2012-05-10 00:00:00,14.68,14.68,-0.018562670299727583,0.0273487847543308
APSA,1.283457249070632,2012-05-11 00:00:00,13.827500000000001,10.773635047067344,-0.0094128143825571442,0.051517197079791126
VTG,1.0,2012-05-14 00:00:00,1.5425,1.5425,-0.042139384116693601,1.4830227068609327
CCMO,1.0,2012-05-15 00:00:00,4.875,4.875,-0.077435897435897294,0.032617503493076981
BCOM,1.0500927643784788,2012-05-16 00:00:00,5.6275000000000004,5.3590503533568885,-0.060385545115021137,0.044645333599407568
AXDX,1.0,2012-05-17 00:00:00,2.9300000000000002,2.9300000000000002,-0.085324232081911311,0.039747181447860096
MTL,1.0,2012-05-18 00:00:00,5.6475,5.6475,0.034085878707392547,0.020296020867250842
INSM,1.0,2012-05-21 00:00:00,2.9700000000000002,2.9700000000000002,0.0016835016835017313,0.065610468575815747
AXDX,1.0,2012-05-22 00:00:00,2.335,2.335,0.050321199143469116,0.031663359872333589
LNCGY,1.0,2012-05-23 00:00:00,6.0175000000000001,6.0175000000000001,-0.027835479850436329,0.025418063122402568
VVUS,1.0,2012-05-24 00:00:00,24.627500000000001,24.627500000000001,-0.000507562683991436,0.042190756357661764
CCMO,1.0,2012-05-25 00:00:00,3.3575000000000004,3.3575000000000004,-0.0022338049143709733,0.023948309991993648
CAAED,0.0992248062015504,2012-05-28 00:00:00,0.64000000000000001,6.4500000000000002,0.0015384615384614884,0.00077117147895670824
CCMO,1.0,2012-05-29 00:00:00,3.3500000000000001,3.3500000000000001,-0.0074626865671639795,0.012334474310199371
PBY,1.0,2012-05-30 00:00:00,8.7074999999999996,8.7074999999999996,0.047085845535458137,0.02426360978176452
MUX,1.0,2012-05-31 00:00:00,2.3925000000000001,2.3925000000000001,0.021943573667711599,0.02387963201666217
CSWC,4.1353383458646613,2012-06-01 00:00:00,87.682500000000005,21.203222727272731,0.0052900301922456103,0.025400108113042025
LNCGY,1.0,2012-06-04 00:00:00,6.6100000000000003,6.6100000000000003,0.0363086232980332,0.03363518709752495
TNP,1.0767590618336886,2012-06-05 00:00:00,5.0674999999999999,4.7062524752475259,0.014190985302040769,0.022548436990874211
FCEL,1.0,2012-06-06 00:00:00,1.0600000000000001,1.0600000000000001,-0.0023584905660376521,0.037159197440101252
DNN,1.0,2012-06-07 00:00:00,1.54,1.54,-0.02759740259740262,5.4058887878035637
FCEL,1.0,2012-06-08 00:00:00,1.0225,1.0225,0.02689486552567244,0.03346465032279404
NX,1.0175332527206769,2012-06-11 00:00:00,17.129999999999999,16.834830659536546,-0.001666254992339633,0.019407146015775024
IMOS,1.0206185567010309,2012-06-12 00:00:00,10.607500000000002,10.393207070707071,0.020190603149390363,0.018441622906188927
INSM,1.0,2012-06-13 00:00:00,3.1749999999999998,3.1749999999999998,-0.038582677165354351,0.014050559424348966
PBY,1.0,2012-06-14 00:00:00,9.4024999999999999,9.4024999999999999,0.0015953203935124005,0.096082392326642257
TXMD,1.0,2012-06-15 00:00:00,2.6400000000000001,2.6400000000000001,0.0037878787878786735,0.017302381687226361
FCEL,1.0,2012-06-18 00:00:00,1.0375000000000001,1.0375000000000001,0.0024096385542167198,0.54762668626482991
CCMO,1.0,2012-06-19 00:00:00,3.0699999999999998,3.0699999999999998,-0.13273615635179159,0.013222370748874552
PLG,1.0,2012-06-20 00:00:00,1.0325,1.0325,-0.036319612590798966,0.28055934599086002
ELX,1.0,2012-06-21 00:00:00,7.335,7.335,0.0074982958418541301,0.038391753906164366
CAAED,0.099337748344370841,2012-06-22 00:00:00,0.45750000000000002,4.6055000000000001,-0.016393442622950838,0.02766195151602269
NDZ,1.0,2012-06-25 00:00:00,9.2475000000000005,9.2475000000000005,0.0016220600162204502,0.020171333412767462
INO,1.0,2012-06-26 00:00:00,0.4425,0.4425,0.016949152542372836,0.026524486150508158
INO,1.0,2012-06-27 00:00:00,0.45000000000000001,0.45000000000000001,0.033333333333333215,0.040100883015248459
ORBK,1.0,2012-06-28 00:00:00,7.6600000000000001,7.6600000000000001,0.032310704960835546,0.015638070724924208
MITL,1.0,2012-06-29 00:00:00,4.4199999999999999,4.4199999999999999,0.0039592760180995326,0.071370653192494651
PDFS,1.0,2012-07-02 00:00:00,10.015000000000001,10.015000000000001,0.010234648027958038,0.034265634280773345
MNTA,1.0,2012-07-03 00:00:00,14.102499999999999,14.102499999999999,0.0083318560538911957,0.014234429651565444
CAAED,0.10020876826722336,2012-07-04 00:00:00,0.47999999999999998,4.79,-0.016656076971952594,-0.0037415775451415923
GTN,1.0,2012-07-05 00:00:00,1.635,1.635,0.012232415902140749,0.16623097231605949
CCMO,1.0,2012-07-06 00:00:00,5.4550000000000001,5.4550000000000001,0.030247479376718681,0.020296445106514981
BPI,1.0,2012-07-09 00:00:00,15.4475,15.4475,-0.12461563359766956,0.034289993168618131
CAK,2.458333333333333,2012-07-10 00:00:00,0.58999999999999997,0.23999999999999999,0.024590163934426368,0.049541587853359062
CCMO,1.0,2012-07-11 00:00:00,4.375,4.375,-0.1457142857142858,0.042133080950624888
CCMO,1.0,2012-07-12 00:00:00,3.7374999999999998,3.7374999999999998,0.032775919732441539,0.045368153997195335
CAK,2.3999999999999999,2012-07-13 00:00:00,0.60499999999999998,0.25208333333333333,-0.047933884297520768,0.032994534091338006
OREX,1.0,2012-07-16 00:00:00,7.3925000000000001,7.3925000000000001,-0.0094690564761582569,0.07411794717980548
GTN,1.0,2012-07-17 00:00:00,1.5650000000000002,1.5650000000000002,0.022364217252396124,4.8254015986020029
INO,1.0,2012-07-18 00:00:00,0.53749999999999998,0.53749999999999998,0.032558139534883963,0.17621421550299146
AXDX,1.0,2012-07-19 00:00:00,3.1775000000000002,3.1775000000000002,0.00078678206136895124,3.2705189627755904
SDCJF,1.0,2012-07-20 00:00:00,0.53750000000000009,0.53750000000000009,0.041860465116279055,0.28013891501181798
CCMO,1.0,2012-07-23 00:00:00,2.2999999999999998,2.2999999999999998,0.015217391304347849,0.030242639885410868
SHEN,1.0402542372881356,2012-07-24 00:00:00,15.067500000000001,14.484439918533607,-0.01921202472548067,0.091173106939178322
GFA,1.085427135678392,2012-07-25 00:00:00,2.1675000000000004,1.9969097222222223,0.034287850523005536,0.017425136111109848
CCMO,1.0,2012-07-26 00:00:00,1.8875,1.8875,-0.10198675496688736,0.031050089260695881
GDOT,1.0,2012-07-27 00:00:00,9.5924999999999994,9.5924999999999994,0.015376596299192082,0.12804203599870545
SGNT,1.0,2012-07-30 00:00:00,19.607500000000002,19.607500000000002,-0.0071401249521867438,0.099278871778614872
GDOT,1.0,2012-07-31 00:00:00,10.2475,10.2475,0.0070748963161748613,0.044416774864821165
CQB,1.0,2012-08-01 00:00:00,5.1174999999999997,5.1174999999999997,-0.039570102589154832,0.59560176177508639
SREV,1.0,2012-08-02 00:00:00,8.1500000000000004,8.1500000000000004,0.026073619631901801,0.037482750190818752
YRCW,1.0,2012-08-03 00:00:00,5.7450000000000001,5.7450000000000001,-0.055265448215839896,0.021995141305466155
EXEL,1.0,2012-08-06 00:00:00,4.9700000000000015,4.9700000000000015,-0.049798792756539312,0.024219531972897036
EDMC,1.0,2012-08-07 00:00:00,3.5525000000000002,3.5525000000000002,0.064039408866995107,0.017120666733069709
HWAY,1.0,2012-08-08 00:00:00,10.8325,10.8325,0.0018462958689129394,0.51727240922169482
BCOM,1.0512820512820509,2012-08-09 00:00:00,2.7825000000000002,2.6467682926829266,0.046559310710254209,0.075768570704872182
WG,1.0,2012-08-10 00:00:00,5.8324999999999996,5.8324999999999996,0.003429061294470737,0.10908708430609518
BCOM,1.0504201680672269,2012-08-13 00:00:00,2.5475000000000003,2.4252200000000004,0.005357422319069105,0.033899769014762174
CDURQ,1.0,2012-08-14 00:00:00,2.25,2.25,0.0,0.11413306895668004
PCCC,1.0532544378698223,2012-08-15 00:00:00,12.3675,11.742176966292133,-0.00025526565167610649,0.015882643689246426
ROCK,1.0,2012-08-16 00:00:00,10.8925,10.8925,0.0084920817075970767,1.1240927855702301
NHC,1.0673742501153671,2012-08-17 00:00:00,46.447499999999998,43.515664721141377,-0.0078832733340366001,0.043065636842459037
CDURQ,1.0,2012-08-20 00:00:00,1.1399999999999999,1.1399999999999999,0.0,0.13791526888744324
BCOM,1.0512820512820509,2012-08-21 00:00:00,2.8700000000000001,2.73,0.0,0.022828133040491042
CDURQ,1.0,2012-08-22 00:00:00,1.1399999999999999,1.1399999999999999,0.0,0.10168516181589134
CDURQ,1.0,2012-08-23 00:00:00,1.1399999999999999,1.1399999999999999,0.0,0.088888126575606408
CDURQ,1.0,2012-08-24 00:00:00,1.1399999999999999,1.1399999999999999,0.0,0.092633495455694437
MITL,1.0,2012-08-27 00:00:00,2.75,2.75,-0.008181818181818179,0.16750576284789653
EDMC,1.0,2012-08-28 00:00:00,3.2050000000000001,3.2050000000000001,-0.033541341653666179,0.016073899317359534
MWW,1.0,2012-08-29 00:00:00,7.0175000000000001,7.0175000000000001,-0.017812611328820838,0.017179011342155302
LONKF,1.0,2012-08-30 00:00:00,0.16999999999999998,0.16999999999999998,0.058823529411764726,0.062267167049148274
MYD,1.1211072664359862,2012-08-31 00:00:00,16.175000000000001,14.42770061728395,-0.0019899816423427641,0.024372346536316609
CAAED,0.099137931034482776,2012-09-03 00:00:00,0.46000000000000002,4.6399999999999997,0.0,0.0033529532425744216
CAK,2.4761904761904763,2012-09-04 00:00:00,0.52249999999999996,0.21100961538461527,0.02293469522863778,0.022192671846626797
FRAN,1.0,2012-09-05 00:00:00,31.640000000000001,31.640000000000001,-0.039269911504424722,0.013059457661652145
CAAED,0.10000000000000001,2012-09-06 00:00:00,0.46999999999999997,4.7000000000000002,0.0,0.2477106271020024
PDFS,1.0,2012-09-07 00:00:00,12.550000000000001,12.550000000000001,0.0089641434262948128,0.020205029047106908
NDZ,1.0,2012-09-10 00:00:00,6.3975,6.3975,0.059007424775302963,0.16032343449798986
LONKF,1.0,2012-09-11 00:00:00,0.19,0.19,0.0,0.00910673639299419
NDZ,1.0,2012-09-12 00:00:00,6.8449999999999998,6.8449999999999998,0.049671292914536203,0.052761937819488888
BCOM,1.05,2012-09-13 00:00:00,3.5575000000000001,3.388095238095238,0.038056111141142816,0.026398801817971402
EDMC,1.0,2012-09-14 00:00:00,3.5474999999999999,3.5474999999999999,0.0,0.014600354336712447
LONKF,1.0,2012-09-17 00:00:00,0.19,0.19,0.0,0.035387463422698662
RLD,1.0,2012-09-18 00:00:00,9.3350000000000009,9.3350000000000009,-0.018211033743974481,0.022752243081857918
CAK,2.3809523809523809,2012-09-19 00:00:00,0.51000000000000001,0.2142,-0.024413687043444817,0.91311310905568444
CAK,2.4285714285714293,2012-09-20 00:00:00,0.50750000000000006,0.20897058823529413,-0.0049261083743844533,0.013389579055470422
CDURQ,1.0,2012-09-21 00:00:00,1.22,1.22,0.0,0.11832290594314493
PLUG,1.0,2012-09-24 00:00:00,0.82000000000000006,0.82000000000000006,-0.0030487804878051032,0.099746752940552366
CDURQ,1.0,2012-09-25 00:00:00,1.22,1.22,0.0,0.020912133305816569
VTG,1.0,2012-09-26 00:00:00,1.8174999999999999,1.8174999999999999,0.0055020632737277104,0.17022471237843328
ESI,1.0,2012-09-27 00:00:00,32.954999999999998,32.954999999999998,-0.01888939462903972,0.013467798579891742
BCOM,1.051454138702461,2012-09-28 00:00:00,4.4849999999999994,4.2655212765957433,0.010098811747484504,0.042545329372009735
LNCGY,1.0,2012-10-01 00:00:00,6.7599999999999998,6.7599999999999998,0.03920118343195278,0.19693070138053079
CCMO,1.0,2012-10-02 00:00:00,2.0874999999999999,2.0874999999999999,-0.016766467065868373,0.016429621034618175
CPST,1.0,2012-10-03 00:00:00,1.0349999999999999,1.0349999999999999,-0.019323671497584519,0.32058513257717763
LNCGY,1.0,2012-10-04 00:00:00,7.5,7.5,0.020000000000000011,0.014014334756651901
INO,1.0,2012-10-05 00:00:00,0.63,0.63,0.0,0.35521882020831708
BCOM,1.0516898608349901,2012-10-08 00:00:00,5.2574999999999994,4.9990973534971639,-0.076674358945490351,0.051106777311120649
EZPW,1.0,2012-10-09 00:00:00,20.122499999999999,20.122499999999999,-0.02571748043235178,0.011829100479877256
TXMD,1.0,2012-10-10 00:00:00,2.6575000000000002,2.6575000000000002,-0.01411100658513631,0.01472861429886101
INSM,1.0,2012-10-11 00:00:00,6.6475,6.6475,-0.041368935690109021,0.019372996974644462
CCMO,1.0,2012-10-12 00:00:00,2.4725000000000001,2.4725000000000001,0.03336703741152669,0.018577471583247226
TXMD,1.0,2012-10-15 00:00:00,2.605,2.605,0.02303262955854124,0.034980211101452836
CSU,1.0,2012-10-16 00:00:00,16.1175,16.1175,0.0023266635644487717,0.09390782844652408
EDMC,1.0,2012-10-17 00:00:00,3.5724999999999998,3.5724999999999998,-0.024492652204338598,0.008630865603680489
CHEF,1.0,2012-10-18 00:00:00,17.037499999999998,17.037499999999998,-0.0014673514306675628,0.015711001010818276
SHEN,1.040506329113924,2012-10-19 00:00:00,16.794999999999998,16.141180048661802,-0.017967572394617881,0.010739406860835255
EDMC,1.0,2012-10-22 00:00:00,3.1699999999999999,3.1699999999999999,0.010252365930599305,0.012675721840781284
BCOM,1.0507692307692311,2012-10-23 00:00:00,6.6950000000000003,6.3715226939970719,-0.0036299327013337157,0.022819007872317627
OREX,1.0,2012-10-24 00:00:00,5.5499999999999998,5.5499999999999998,0.026126126126126081,0.012403903197474229
DHT,1.0257009345794392,2012-10-25 00:00:00,4.3425000000000002,4.2336902050113903,-0.0054164530731584115,0.01321599297772382
PKOH,1.0,2012-10-26 00:00:00,21.855,21.855,0.01029512697323276,0.2272725444481796
CAAED,0.099173553719008281,2012-10-29 00:00:00,0.35999999999999999,3.6299999999999999,0.0,-0.0029763968901160408
CAAED,0.099173553719008281,2012-10-30 00:00:00,0.35999999999999999,3.6299999999999999,0.0055096418732782926,0.0014702653505305452
BCOM,1.0502692998204666,2012-10-31 00:00:00,5.7925000000000004,5.5152521367521379,-0.053880383723130532,0.025935866844301363
SSI,1.0328200972447326,2012-11-01 00:00:00,25.210000000000001,24.408897606904674,0.015738345826612932,0.037685417705869965
PLUG,1.0,2012-11-02 00:00:00,0.78249999999999997,0.78249999999999997,0.006389776357827559,1.4705056495208613
IMOS,1.0209241499564079,2012-11-05 00:00:00,11.5375,11.301035439795045,0.027593296902701736,0.018415486602530909
SREV,1.0,2012-11-06 00:00:00,5.2675000000000001,5.2675000000000001,-0.02420503084954917,0.1262514824504839
VVUS,1.0,2012-11-07 00:00:00,11.085000000000001,11.085000000000001,-0.050293188994136262,0.025716405960644218
CCMO,1.0,2012-11-08 00:00:00,3.5099999999999998,3.5099999999999998,-0.027777777777777686,0.12551193179391848
VVUS,1.0,2012-11-09 00:00:00,10.465,10.465,0.074056378404204315,0.048501742665332657
MNI,1.0,2012-11-12 00:00:00,2.8424999999999998,2.8424999999999998,-0.0079155672823219003,0.14111059569078016
BCOM,1.05,2012-11-13 00:00:00,4.6025,4.3833333333333329,-0.058267054350257134,0.018162616139585419
LPSN,1.0,2012-11-14 00:00:00,13.275,13.275,-0.033521657250470738,0.014229228718094962
RGS,1.0144563167818983,2012-11-15 00:00:00,16.037500000000001,15.808960656753412,0.0021373636987429561,0.028853518972070023
SB,1.0605187319884726,2012-11-16 00:00:00,3.6575000000000002,3.4487839673913041,-0.034939345069136318,0.016089746474190734
SB,1.0606060606060606,2012-11-19 00:00:00,3.5299999999999998,3.3282857142857143,-0.0098378550107757201,0.032261821912569072
BCRX,1.0,2012-11-20 00:00:00,1.4850000000000001,1.4850000000000001,0.1060606060606062,0.049914915332749325
CAK,2.4482758620689657,2012-11-21 00:00:00,0.72999999999999998,0.29816901408450702,-0.039911448896283841,0.01398992003127964
CAAED,0.10033444816053511,2012-11-22 00:00:00,0.29999999999999999,2.9900000000000002,0.024759952529938456,-0.0028038293945580987
CAK,2.3928571428571428,2012-11-23 00:00:00,0.68499999999999994,0.28626865671641788,-0.021897810218977853,0.039906436098351115
SB,1.0451807228915664,2012-11-26 00:00:00,3.4674999999999998,3.3176080691642644,-0.00046225188899895459,0.010958263727134168
BCRX,1.0,2012-11-27 00:00:00,1.4299999999999999,1.4299999999999999,0.017482517482517501,0.017681646411456309
TXMD,1.0,2012-11-28 00:00:00,1.9350000000000001,1.9350000000000001,0.036175710594315236,0.044165488527478772
SP,1.0,2012-11-29 00:00:00,21.855,21.855,0.0099519560741250235,0.093063934047956431
LQDT,1.0,2012-11-30 00:00:00,39.510000000000012,39.510000000000012,0.027018476335104902,0.010733228417869849
BCRX,1.0,2012-12-03 00:00:00,1.5549999999999999,1.5549999999999999,-0.059485530546623866,0.059656400053246877
ARRY,1.0,2012-12-04 00:00:00,3.7574999999999998,3.7574999999999998,-0.015302727877578359,0.13391915739834434
BCRX,1.0,2012-12-05 00:00:00,1.3999999999999999,1.3999999999999999,0.012499999999999956,0.030962536685976483
ANIK,1.0,2012-12-06 00:00:00,9.4625000000000004,9.4625000000000004,0.01321003963011913,0.014972975738905504
TXMD,1.0,2012-12-07 00:00:00,2.8475000000000001,2.8475000000000001,-0.021071115013169491,0.02401304991206113
INO,1.0,2012-12-10 00:00:00,0.495,0.495,0.0,3.453365380865125
SZYM,1.0,2012-12-11 00:00:00,8.0150000000000006,8.0150000000000006,0.026200873362445254,0.06693745727258632
ANIK,1.0,2012-12-12 00:00:00,9.9199999999999999,9.9199999999999999,-0.0068044354838709964,0.047548420706409203
ARRY,1.0,2012-12-13 00:00:00,3.8149999999999999,3.8149999999999999,-0.025557011795543927,0.65605406215328399
PLG,1.0,2012-12-14 00:00:00,0.83750000000000002,0.83750000000000002,-0.02089552238805981,0.009985600228118242
AXDX,1.0,2012-12-17 00:00:00,3.3125,3.3125,0.035471698113207717,0.01686407943968703
YGE,1.0,2012-12-18 00:00:00,2.2799999999999998,2.2799999999999998,0.044956140350876916,0.015571148234814447
ARWR,1.0,2012-12-19 00:00:00,2.2350000000000003,2.2350000000000003,-0.036912751677852566,0.020021108633136869
ARWR,1.0,2012-12-20 00:00:00,2.1524999999999999,2.1524999999999999,-0.04065040650406504,0.030353384021841536
EDMC,1.0,2012-12-21 00:00:00,4.7350000000000003,4.7350000000000003,0.035374868004223847,0.019144030490833609
NSU,1.0708661417322836,2012-12-24 00:00:00,4.0400000000000009,3.7726470588235301,0.020329655914870459,1.3837717816186113
CAAED,1.0,2012-12-25 00:00:00,2.9100000000000001,2.9100000000000001,0.0,-0.0010491372476925868
LNCGY,1.0,2012-12-26 00:00:00,11.9,11.9,0.0,0.014197172475049841
EDMC,1.0,2012-12-27 00:00:00,4.5324999999999998,4.5324999999999998,0.025372311086596881,0.018416410312002703
ARWR,1.0,2012-12-28 00:00:00,2.0099999999999998,2.0099999999999998,-0.0062189054726367035,0.022871768227023727
FFNGY,1.0638036809815949,2012-12-31 00:00:00,8.6699999999999999,8.1500000000000004,0.0,0.013803910016041985
CAAED,1.0,2013-01-01 00:00:00,3.04,3.04,0.036184210526315722,0.011516050795791471
SREV,1.0,2013-01-02 00:00:00,5.9224999999999994,5.9224999999999994,0.04347826086956541,0.34588933772442487
FFNGY,1.0638036809815949,2013-01-03 00:00:00,8.6699999999999999,8.1500000000000004,0.0,0.026395919857706292
ARAY,1.0,2013-01-04 00:00:00,5.2475000000000005,5.2475000000000005,0.017627441638875533,0.02206637180041171
KWK,1.0,2013-01-07 00:00:00,2.8475000000000001,2.8475000000000001,0.02809482001755903,0.011223897642505108
ARAY,1.0,2013-01-08 00:00:00,5.1699999999999999,5.1699999999999999,-0.037234042553191515,0.017537513390772801
RLD,1.0,2013-01-09 00:00:00,11.105,11.105,-0.0069788383610986937,0.09575279982174488
EDMC,1.0,2013-01-10 00:00:00,4.2225000000000001,4.2225000000000001,-0.007104795737122859,0.015750666076162174
PKE,1.2213529682466635,2013-01-11 00:00:00,26.484999999999999,21.684967972871146,-0.001267379257635981,0.018657805152291408
BPI,1.0,2013-01-14 00:00:00,10.0725,10.0725,0.017622238768925325,0.0079474262760754772
PLUG,1.0,2013-01-15 00:00:00,0.55249999999999999,0.55249999999999999,-0.10859728506787324,0.03275149989874309
BCRX,1.0,2013-01-16 00:00:00,1.7374999999999998,1.7374999999999998,-0.01151079136690647,0.020361233680652319
ROCK,1.0,2013-01-17 00:00:00,16.5625,16.5625,0.013433962264151056,0.020077504897466469
CCMO,1.0,2013-01-18 00:00:00,2.96,2.96,-0.0016891891891891446,0.011353880251366593
CAAED,1.0,2013-01-21 00:00:00,3.2599999999999998,3.2599999999999998,0.0,0.0043132570000644207
PLUG,1.0,2013-01-22 00:00:00,0.46500000000000002,0.46500000000000002,-0.016129032258064502,0.033418929784719206
ENOC,1.0,2013-01-23 00:00:00,15.302500000000002,15.302500000000002,-0.008005227903937321,0.019292570839246688
VTG,1.0,2013-01-24 00:00:00,1.8400000000000001,1.8400000000000001,-0.00815217391304357,0.0072483445074758299
LNCGY,1.0,2013-01-25 00:00:00,26.895,26.895,-0.036437999628183726,0.024587859415637861
CDURQ,1.0,2013-01-28 00:00:00,2.2000000000000002,2.2000000000000002,0.0,0.020287064592479098
ANAC,1.0,2013-01-29 00:00:00,4.1124999999999998,4.1124999999999998,0.0024316109422493071,0.033809247584515568
ANAC,1.0,2013-01-30 00:00:00,4.1225000000000005,4.1225000000000005,-0.02668283808368721,0.022847423691029441
SDCJF,1.0,2013-01-31 00:00:00,0.93000000000000005,0.93000000000000005,0.048387096774193727,0.037643566467477935
LNCGY,1.0,2013-02-01 00:00:00,22.565000000000001,22.565000000000001,-0.058940837580323535,0.02959417673540745
DNN,1.0,2013-02-04 00:00:00,1.45,1.45,-0.0017241379310346527,0.013078280090756074
TXMD,1.0,2013-02-05 00:00:00,3.3799999999999999,3.3799999999999999,-0.014792899408283988,0.02214625256957856
CCMO,1.0,2013-02-06 00:00:00,2.6549999999999998,2.6549999999999998,0.013182674199623271,0.014785334133486162
MNI,1.0,2013-02-07 00:00:00,2.5299999999999998,2.5299999999999998,0.1017786561264824,0.025241920928670974
ANAC,1.0,2013-02-08 00:00:00,3.6150000000000002,3.6150000000000002,-0.040110650069156366,0.016284779609888531
GTN,1.0,2013-02-11 00:00:00,4.4850000000000003,4.4850000000000003,0.045150501672240662,0.017040436243000306
PDFS,1.0,2013-02-12 00:00:00,15.895,15.895,-0.00015728216420252128,0.017907358675222147
MNI,1.0,2013-02-13 00:00:00,2.6425000000000001,2.6425000000000001,-0.026490066225165698,0.010257147945026079
PLUG,1.0,2013-02-14 00:00:00,0.13500000000000001,0.13500000000000001,0.0,0.091674688363257234
ARWR,1.0,2013-02-15 00:00:00,1.7975000000000001,1.7975000000000001,0.023643949930459041,0.01469167262405399
CAAED,1.0,2013-02-18 00:00:00,3.3500000000000001,3.3500000000000001,0.019402985074626899,-0.0056007377415531181
PLUG,1.0,2013-02-19 00:00:00,0.14749999999999999,0.14749999999999999,2.2204460492503131e-16,0.030408346350452305
PLUG,1.0,2013-02-20 00:00:00,0.14750000000000002,0.14750000000000002,-0.050847457627118731,0.018466243150939712
LNCGY,1.0,2013-02-21 00:00:00,22.827500000000001,22.827500000000001,0.029569598072500369,0.013014560947859471
EBIX,1.0050835148874364,2013-02-22 00:00:00,13.759999999999998,13.690404624277456,-0.015682008533333458,0.021882979500458932
MNI,1.0,2013-02-25 00:00:00,2.5249999999999999,2.5249999999999999,-0.030693069306930613,0.084456838458444219
KWK,1.0,2013-02-26 00:00:00,1.8025,1.8025,0.037447988904299567,0.024881873416402717
AMLZF,1.0,2013-02-27 00:00:00,4.2000000000000002,4.2000000000000002,0.0,0.028907186564986174
BSFT,1.0,2013-02-28 00:00:00,22.1875,22.1875,-0.049577464788732262,0.054104540483716698
BSFT,1.0,2013-03-01 00:00:00,21.087499999999999,21.087499999999999,0.02857142857142847,0.032739598752076049
BSFT,1.0,2013-03-04 00:00:00,21.690000000000001,21.690000000000001,0.021784232365145373,0.025764087699596139
ELLI,1.0,2013-03-05 00:00:00,21.8475,21.8475,0.010413090742648068,0.026928883477382329
BSFT,1.0,2013-03-06 00:00:00,23.109999999999999,23.109999999999999,0.043271311120727018,0.032217144748887129
INO,1.0,2013-03-07 00:00:00,0.52249999999999996,0.52249999999999996,0.023923444976076791,0.027853421904929041
INO,1.0,2013-03-08 00:00:00,0.53500000000000003,0.53500000000000003,0.014018691588784993,0.01404115018352561
FCEL,1.0,2013-03-11 00:00:00,1.04,1.04,-0.045673076923076983,0.091885844813698367
FCEL,1.0,2013-03-12 00:00:00,0.99250000000000005,0.99250000000000005,-0.012594458438287104,0.017635968374369076
NX,1.00865551067513,2013-03-13 00:00:00,17.454999999999998,17.305214530892442,0.0063613059731553179,0.012585762875606752
PLG,1.0,2013-03-14 00:00:00,1.395,1.395,-0.0053763440860215006,0.011509603715416322
TXMD,1.0,2013-03-15 00:00:00,1.8374999999999999,1.8374999999999999,-0.063945578231292655,0.11797111209027078
IRS,1.0650406504065042,2013-03-18 00:00:00,9.1624999999999996,8.6029580152671734,-0.0045984445282332143,0.10447236916575604
AFFX,1.0,2013-03-19 00:00:00,4.6749999999999998,4.6749999999999998,0.00053475935828894983,0.022001162761298355
FOR,1.0,2013-03-20 00:00:00,22.524999999999999,22.524999999999999,0.0061043285238624465,0.15117913778441019
POWR,1.0,2013-03-21 00:00:00,11.3225,11.3225,0.017001545595054068,0.022509873491499143
FFNGY,1.0636492220650635,2013-03-22 00:00:00,7.5199999999999996,7.0700000000000003,0.0,0.017383666969118701
SGNT,1.0,2013-03-25 00:00:00,17.247500000000002,17.247500000000002,0.019423104797796631,0.03537056599761039
DGICB,1.0199004975124379,2013-03-26 00:00:00,22.592500000000001,22.15167073170732,0.023089553546012054,0.014445681523115643
PLUG,1.0,2013-03-27 00:00:00,0.23749999999999999,0.23749999999999999,-0.042105263157894771,0.027958187756682514
ANAC,1.0,2013-03-28 00:00:00,6.4525000000000015,6.4525000000000015,-0.024409143742735503,0.016671252263062864
CAAED,1.0,2013-03-29 00:00:00,3.21,3.21,-0.02959501557632405,0.0021524501822492146
AXDX,1.0,2013-04-01 00:00:00,6.7074999999999996,6.7074999999999996,-0.064107342527021993,0.046084837146067981
INO,1.0,2013-04-02 00:00:00,0.51249999999999996,0.51249999999999996,0.0048780487804878092,0.02833315964839488
PLUG,1.0,2013-04-03 00:00:00,0.1875,0.1875,-0.026666666666666727,0.040531611563469419
KWK,1.0,2013-04-04 00:00:00,2.4100000000000001,2.4100000000000001,0.0093360995850622075,0.024829455367458991
PPP,1.0,2013-04-05 00:00:00,6.2525000000000004,6.2525000000000004,-0.028788484606157683,0.039554132195658322
PLUG,1.0,2013-04-08 00:00:00,0.1825,0.1825,-0.041095890410958735,0.031808423527513147
RDWR,1.9993192648059903,2013-04-09 00:00:00,29.215,14.612473612529795,0.0072729908904047846,0.015077613686609832
BCRX,1.0,2013-04-10 00:00:00,1.7450000000000001,1.7450000000000001,-0.025787965616045801,0.047717727375237252
PLUG,1.0,2013-04-11 00:00:00,0.17249999999999999,0.17249999999999999,0.028985507246376718,0.016049031468995438
MTL,1.0,2013-04-12 00:00:00,4.3325000000000005,4.3325000000000005,-0.073283323716099247,0.01187273204729004
MUX,1.0,2013-04-15 00:00:00,2.0775000000000001,2.0775000000000001,-0.01564380264741283,0.0230070452038241
CAK,2.4347826086956523,2013-04-16 00:00:00,0.57499999999999996,0.23616071428571425,-0.021739130434782483,0.034760782730396449
SAND,1.0,2013-04-17 00:00:00,6.6074999999999999,6.6074999999999999,0.014755959137343844,0.033439083512652609
YGE,1.0,2013-04-18 00:00:00,2.0350000000000001,2.0350000000000001,0.018427518427518441,0.047683349449786312
AMLZF,1.0,2013-04-19 00:00:00,3.3500000000000001,3.3500000000000001,0.0,0.015346651167037406
AMLZF,1.0,2013-04-22 00:00:00,3.3500000000000001,3.3500000000000001,-0.016417910447761197,0.015895815555373099
SREV,1.0,2013-04-23 00:00:00,5.6474999999999991,5.6474999999999991,0.021248339973439771,0.019996274913792515
ARRY,1.0,2013-04-24 00:00:00,6.2000000000000002,6.2000000000000002,0.0084677419354839412,0.023426062911562011
FCEL,1.0,2013-04-25 00:00:00,1.0525000000000002,1.0525000000000002,-0.014251781472684244,0.55927188416473406
SONS,1.0,2013-04-26 00:00:00,2.0775000000000001,2.0775000000000001,-0.0096269554753311004,0.16830236350997574
CAK,2.4545454545454546,2013-04-29 00:00:00,0.55249999999999999,0.22509259259259259,-0.018099547511312264,0.011627880938368156
AVNR,1.0,2013-04-30 00:00:00,3.2225000000000001,3.2225000000000001,-0.023273855702094608,0.029682147424065601
AVNR,1.0,2013-05-01 00:00:00,3.1475,3.1475,-0.016679904686258906,0.015930147864358556
LONKF,1.0,2013-05-02 00:00:00,0.19,0.19,0.0,0.12396950030163502
MDXG,1.0,2013-05-03 00:00:00,6.7999999999999998,6.7999999999999998,-0.022794117647058743,0.018754695015186288
WGO,1.0,2013-05-06 00:00:00,19.1875,19.1875,0.019674267100977083,0.039083604604815997
EXTR,1.0,2013-05-07 00:00:00,3.2949999999999999,3.2949999999999999,-0.0045523520485583066,0.095269123591754823
BSFT,1.0,2013-05-08 00:00:00,26.837499999999999,26.837499999999999,-0.0040987424312994855,0.013798152597438593
LPSN,1.0,2013-05-09 00:00:00,8.9599999999999973,8.9599999999999973,-0.068917410714285476,0.024581794797861038
PLUG,1.0,2013-05-10 00:00:00,0.255,0.255,-0.049019607843137303,0.040077541292613421
MGI,1.0,2013-05-13 00:00:00,19.155000000000001,19.155000000000001,0.0037849125554687561,0.021743535609237738
ARWR,1.0,2013-05-14 00:00:00,2.2549999999999999,2.2549999999999999,-0.0033259423503326779,0.021899805352031902
YRCW,1.0,2013-05-15 00:00:00,17.942499999999999,17.942499999999999,0.067576982025916221,0.047962574886482763
YRCW,1.0,2013-05-16 00:00:00,19.155000000000001,19.155000000000001,-0.0036543983294179405,0.078237601344400665
YRCW,1.0,2013-05-17 00:00:00,19.085000000000001,19.085000000000001,0.083704479958082181,0.11441125337131181
SGNT,1.0,2013-05-20 00:00:00,16.450000000000006,16.450000000000006,0.034346504559270352,0.012339597994463308
CDURQ,1.0,2013-05-21 00:00:00,4.2599999999999998,4.2599999999999998,0.0,0.015121244490283329
YRCW,1.0,2013-05-22 00:00:00,22.927499999999998,22.927499999999998,-0.099771017337258669,0.015714417564669812
YGE,1.0,2013-05-23 00:00:00,2.9525000000000001,2.9525000000000001,0.11600338696020307,0.056187092769000337
PLUG,1.0,2013-05-24 00:00:00,0.3125,0.3125,0.32000000000000012,0.020513983818224009
CAAED,1.0,2013-05-27 00:00:00,2.6000000000000001,2.6000000000000001,0.037500000000000089,-0.0023996740001583678
TC,1.0,2013-05-28 00:00:00,3.6775000000000002,3.6775000000000002,-0.023113528212100443,0.075769730598027024
TC,1.0,2013-05-29 00:00:00,3.5924999999999998,3.5924999999999998,0.0055671537926236248,0.034318213260948534
KWK,1.0,2013-05-30 00:00:00,2.3675000000000002,2.3675000000000002,-0.035902851108764344,0.015029993128535837
CCMO,1.0,2013-05-31 00:00:00,6.1124999999999998,6.1124999999999998,0.014314928425357863,0.031106953816462082
LNCGY,1.0,2013-06-03 00:00:00,14.335000000000001,14.335000000000001,-0.034530868503662271,0.014699045829362982
REX,1.0,2013-06-04 00:00:00,29.710000000000001,29.710000000000001,-0.01329518680578945,0.022314702820825615
YGE,1.0,2013-06-05 00:00:00,2.8300000000000001,2.8300000000000001,-0.026501766784452367,0.038715912519747368
YGE,1.0,2013-06-06 00:00:00,2.7549999999999999,2.7549999999999999,0.029038112522685955,0.022949758108675739
INO,1.0,2013-06-07 00:00:00,0.67999999999999994,0.67999999999999994,-0.018382352941176291,0.022731969760320967
MUX,1.0,2013-06-10 00:00:00,2.4500000000000002,2.4500000000000002,-0.044897959183673571,0.016344850613575927
PLUG,1.0,2013-06-11 00:00:00,0.48999999999999999,0.48999999999999999,0.035714285714285809,0.015647961941212946
PLUG,1.0,2013-06-12 00:00:00,0.50750000000000006,0.50750000000000006,-0.088669950738916481,0.087405487661010473
MUX,1.0,2013-06-13 00:00:00,2.2450000000000001,2.2450000000000001,-0.030066815144766283,0.013493394333991134
KNDI,1.0,2013-06-14 00:00:00,6.3925000000000001,6.3925000000000001,0.18928431755964006,0.023554317695730496
KNDI,1.0,2013-06-17 00:00:00,7.6025,7.6025,-0.03880302532061819,0.014607293490985012
ANAC,1.0,2013-06-18 00:00:00,5.1074999999999999,5.1074999999999999,0.030837004405286361,0.017693308904514711
KNDI,1.0,2013-06-19 00:00:00,7.1025,7.1025,-0.0084477296726503948,0.040098436168639465
KNDI,1.0,2013-06-20 00:00:00,7.0425000000000004,7.0425000000000004,-0.046148384806531828,0.043139995294182359
YGE,1.0,2013-06-21 00:00:00,2.9700000000000002,2.9700000000000002,-0.025252525252525304,0.020755043443841381
LNCGY,1.0,2013-06-24 00:00:00,9.1400000000000006,9.1400000000000006,-0.078227571115973671,0.024234803795440209
YGE,1.0,2013-06-25 00:00:00,3.0099999999999998,3.0099999999999998,0.048172757475082983,0.016466237744049102
SDCJF,1.0,2013-06-26 00:00:00,0.78500000000000003,0.78500000000000003,0.0063694267515923535,0.24677107099884471
KNDI,1.0,2013-06-27 00:00:00,6.1524999999999999,6.1524999999999999,-0.05119869971556279,0.013434841321974341
PLUG,1.0,2013-06-28 00:00:00,0.3725,0.3725,0.026845637583892586,0.013036202384992316
CAAED,1.0,2013-07-01 00:00:00,2.79,2.79,-0.036738351254480328,0.011847790558923231
EBIX,1.0052966101694916,2013-07-02 00:00:00,9.6024999999999991,9.5519072708113821,-0.0066658118936030464,0.019975042432161118
PLUG,1.0,2013-07-03 00:00:00,0.28000000000000003,0.28000000000000003,0.10714285714285696,0.039801773907499963
CAAED,1.0,2013-07-04 00:00:00,2.6400000000000001,2.6400000000000001,0.07575757575757569,-0.0064846768471669858
PVG,1.0,2013-07-05 00:00:00,6.4775,6.4775,-0.00038595137012742414,0.01041475001197326
YRCW,1.0,2013-07-08 00:00:00,31.552499999999998,31.552499999999998,0.06647650740828781,0.009232933352518756
MHO,1.0,2013-07-09 00:00:00,22.6525,22.6525,0.023948791524114332,0.015104730791928884
EZPW,1.0,2013-07-10 00:00:00,18.772500000000001,18.772500000000001,0.002530296976960944,0.014803387407815859
PRFT,1.0,2013-07-11 00:00:00,13.147500000000001,13.147500000000001,0.024909678646130251,0.019056317952730512
FCEL,1.0,2013-07-12 00:00:00,1.2749999999999999,1.2749999999999999,-0.015686274509803755,0.02518097578611397
INO,1.0,2013-07-15 00:00:00,1.23,1.23,0.034552845528455167,0.012350413397356643
PKOH,1.0,2013-07-16 00:00:00,35.997500000000002,35.997500000000002,0.010278491561913849,0.16743500297503441
INO,1.0,2013-07-17 00:00:00,1.22,1.22,0.049180327868852514,0.028196015789539175
INO,1.0,2013-07-18 00:00:00,1.28,1.28,-0.03125,0.012649773810899181
ANIK,1.0,2013-07-19 00:00:00,19.230000000000004,19.230000000000004,0.024310972438897242,0.029547253170120382
PGI,1.0,2013-07-22 00:00:00,10.890000000000001,10.890000000000001,-0.0073461891643710206,0.01089029367061483
BCRX,1.0,2013-07-23 00:00:00,4.0324999999999998,4.0324999999999998,0.13391196528208305,0.1082014312249243
TC,1.0,2013-07-24 00:00:00,3.0950000000000002,3.0950000000000002,-0.017770597738287486,0.37129540657776761
LNCGY,1.0,2013-07-25 00:00:00,16.219999999999999,16.219999999999999,0.0020036991368679322,0.022696601214817209
WG,1.0,2013-07-26 00:00:00,7.4274999999999975,7.4274999999999975,-0.024907438572870918,0.012874427578175451
CAK,2.46875,2013-07-29 00:00:00,0.78000000000000003,0.3159493670886076,0.031415264423076961,0.032525319415816115
BCRX,1.0,2013-07-30 00:00:00,4.1475,4.1475,-0.0090415913200722065,0.02999172384523565
LQDT,1.0,2013-07-31 00:00:00,28.5075,28.5075,0.01525914233096559,0.044688317162966118
BCRX,1.0,2013-08-01 00:00:00,5.1950000000000003,5.1950000000000003,0.064966313763233918,0.031305660570657083
BCRX,1.0,2013-08-02 00:00:00,5.5325000000000015,5.5325000000000015,0.0804338002711249,0.054341245229397164
SQI,1.0,2013-08-05 00:00:00,20.442500000000006,20.442500000000006,-0.0033019444784151424,0.011829663492729429
CCMO,1.0,2013-08-06 00:00:00,4.7750000000000004,4.7750000000000004,-0.023036649214659755,0.036981695214704055
BCRX,1.0,2013-08-07 00:00:00,6.0575000000000001,6.0575000000000001,-0.064795707800247682,0.022407113324166218
STC,1.0031806615776078,2013-08-08 00:00:00,31.390000000000001,31.290475586556763,-0.0097293534210752819,0.04165957134107455
CPST,1.0,2013-08-09 00:00:00,1.1699999999999999,1.1699999999999999,-0.0021367521367521287,0.027719836388623399
YRCW,1.0,2013-08-12 00:00:00,18.254999999999999,18.254999999999999,-0.023418241577649827,0.040716500358779231
YRCW,1.0,2013-08-13 00:00:00,17.827500000000001,17.827500000000001,0.00042069835927649457,0.039119005814731739
INO,1.0,2013-08-14 00:00:00,1.5249999999999999,1.5249999999999999,0.095081967213114668,0.019955456887674139
ZLTQ,1.0,2013-08-15 00:00:00,6.9499999999999975,6.9499999999999975,-0.022302158273381112,0.04728084441020438
ARX,1.0,2013-08-16 00:00:00,7.6025,7.6025,-0.031897402170338651,0.033508267513039036
IRDM,1.0,2013-08-19 00:00:00,6.9774999999999991,6.9774999999999991,-0.0050161232533141309,0.014021942119493187
PLUG,1.0,2013-08-20 00:00:00,0.39500000000000002,0.39500000000000002,0.050632911392404889,0.015119124014340863
PLUG,1.0,2013-08-21 00:00:00,0.41499999999999998,0.41499999999999998,0.024096385542168752,0.02370068851175168
SSRI,1.0,2013-08-22 00:00:00,9.1775000000000002,9.1775000000000002,0.025606101879596777,0.0118246812240199
GLDD,1.0,2013-08-23 00:00:00,6.7824999999999998,6.7824999999999998,0.0088462956137118631,0.027273558343952817
CPST,1.0,2013-08-26 00:00:00,1.1274999999999999,1.1274999999999999,-0.0044345898004433115,0.071772365326242371
AVNR,1.0,2013-08-27 00:00:00,5.0150000000000015,5.0150000000000015,0.0094715852442670556,0.020233710945104288
FN,1.0,2013-08-28 00:00:00,14.925000000000001,14.925000000000001,-0.011390284757118785,0.021043587332273662
INO,1.0,2013-08-29 00:00:00,1.7124999999999999,1.7124999999999999,0.0087591240875912746,0.015180993694736985
ANGGY,1.0,2013-08-30 00:00:00,25.199999999999999,25.199999999999999,0.055158730158730178,0.012845593369743544
CAAED,1.0,2013-09-02 00:00:00,3.6899999999999999,3.6899999999999999,-0.0081300813008129413,-0.00014410121427446709
CCMO,1.0,2013-09-03 00:00:00,3.75,3.75,0.10000000000000007,0.013713369915327359
ANGGY,1.0,2013-09-04 00:00:00,26.59,26.59,0.0,0.025087346006722844
GFA,1.0833333333333337,2013-09-05 00:00:00,2.54,2.3446153846153845,0.068880698676252461,0.8046756254207269
FRAN,1.0,2013-09-06 00:00:00,18.217500000000001,18.217500000000001,0.0063126114999312311,0.010555375070347171
MTL,1.0,2013-09-09 00:00:00,3.4024999999999999,3.4024999999999999,0.053637031594415921,0.0088163490846623251
MDXG,1.0,2013-09-10 00:00:00,3.9824999999999999,3.9824999999999999,-0.011299435028248594,0.014789708908016203
PLUG,1.0,2013-09-11 00:00:00,0.5575,0.5575,0.0089686098654708779,0.10449162575846151
PLUG,1.0,2013-09-12 00:00:00,0.5625,0.5625,0.0088888888888889461,0.025950859922873
PLUG,1.0,2013-09-13 00:00:00,0.5675,0.5675,0.044052863436123468,0.021474511549891939
GBLI,1.0,2013-09-16 00:00:00,23.859999999999999,23.859999999999999,0.0025146689019277524,0.011941714448865107
PLUG,1.0,2013-09-17 00:00:00,0.59499999999999997,0.59499999999999997,-0.012605042016806787,0.019420065967743018
PLUG,1.0,2013-09-18 00:00:00,0.58749999999999991,0.58749999999999991,0.042553191489361986,0.02050933308131779
ECYT,1.0,2013-09-19 00:00:00,14.8025,14.8025,-0.020266846816416214,0.021440071112940308
NSU,1.0315457413249212,2013-09-20 00:00:00,3.2875000000000001,3.1869648318042816,-0.020292611179237419,0.016519988487118824
PLUG,1.0,2013-09-23 00:00:00,0.58750000000000002,0.58750000000000002,0.0042553191489360645,0.01947443128491394
CHEF,1.0,2013-09-24 00:00:00,23.5975,23.5975,-0.0043436804746266322,0.010752380216744498
BIOS,1.0,2013-09-25 00:00:00,8.8249999999999993,8.8249999999999993,0.01784702549575079,0.021493749378337063
CAK,2.4242424242424243,2013-09-26 00:00:00,0.78000000000000003,0.32174999999999998,0.047055925104705576,0.018888388266306431
ZLTQ,1.0,2013-09-27 00:00:00,9.0799999999999983,9.0799999999999983,-0.016795154185021977,0.62322293147842844
KNDI,1.0,2013-09-30 00:00:00,7.8175000000000008,7.8175000000000008,-0.0060761112887752784,0.031889562008790562
LNCGY,1.0,2013-10-01 00:00:00,13.362500000000001,13.362500000000001,-0.096913002806361059,0.012469727567216513
NX,1.0043196544276458,2013-10-02 00:00:00,18.7075,18.627037634408602,-0.019603976499216639,0.016690706691401408
LNCGY,1.0,2013-10-03 00:00:00,11.9175,11.9175,0.012796307950492913,0.019652952236953784
SAND,1.0,2013-10-04 00:00:00,5.1124999999999998,5.1124999999999998,-0.0034229828850855788,0.013010586380828507
ANGI,1.0,2013-10-07 00:00:00,16.352499999999999,16.352499999999999,-0.046170310350099331,0.02646734957284539
AXDX,1.0,2013-10-08 00:00:00,12.425000000000001,12.425000000000001,0.0058350100603619115,0.030297161325278325
PVG,1.0,2013-10-09 00:00:00,5.2175000000000002,5.2175000000000002,-0.028270244369908992,0.022993359485855
PVG,1.0,2013-10-10 00:00:00,5.0700000000000003,5.0700000000000003,-0.049309664694280116,0.026308343170817861
INO,1.0,2013-10-11 00:00:00,2.085,2.085,-0.06714628297362113,0.019373068129078286
ANGI,1.0,2013-10-14 00:00:00,15.3225,15.3225,-0.0011421112742698858,0.016155218172897317
INSM,1.0,2013-10-15 00:00:00,13.977499999999999,13.977499999999999,0.062242890359506475,0.01124025172842975
CCMO,1.0,2013-10-16 00:00:00,5.0,5.0,0.0,0.02873214054101483
ARWR,1.0,2013-10-17 00:00:00,8.1349999999999998,8.1349999999999998,-0.021204671173939649,0.015070664207796769
MYRG,1.0,2013-10-18 00:00:00,26.25,26.25,0.012095238095238159,1.4380992033189113
LNCGY,1.0,2013-10-21 00:00:00,17.039999999999999,17.039999999999999,-0.027288732394366244,0.015987705870818374
SRCE,1.0111927247289263,2013-10-22 00:00:00,28.765000000000001,28.44660498097544,0.006655685564925351,0.1855188215984917
PVG,1.0,2013-10-23 00:00:00,3.2475000000000001,3.2475000000000001,0.099307159353348759,0.076226473208485482
LNCGY,1.0,2013-10-24 00:00:00,13.977499999999999,13.977499999999999,-0.038454659273832847,0.029155876753922807
HWAY,1.0,2013-10-25 00:00:00,11.7125,11.7125,-0.050373532550693656,0.02051008713456751
RNF,1.0170821791320406,2013-10-28 00:00:00,21.302499999999998,20.944718565592371,0.064334525525466368,0.03276896185651381
HWAY,1.0,2013-10-29 00:00:00,10.772500000000001,10.772500000000001,-0.014388489208633224,0.020941540056503661
TOWR,1.0,2013-10-30 00:00:00,22.2425,22.2425,-0.031021692705406331,0.018086097740879298
YGE,1.0,2013-10-31 00:00:00,5.8950000000000005,5.8950000000000005,0.067005937234944746,0.036800453649551312
HWAY,1.0,2013-11-01 00:00:00,10.057499999999999,10.057499999999999,0.076062639821028899,0.014407903546929987
ELLI,1.0,2013-11-04 00:00:00,23.885000000000002,23.885000000000002,-0.0066987649152189244,0.022978454270524046
IO,1.0,2013-11-05 00:00:00,4.5549999999999997,4.5549999999999997,-0.0054884742041710899,1.8371627308084799
RNF,1.0030643513789583,2013-11-06 00:00:00,19.390000000000001,19.330763747454171,0.0047483948331716866,0.020680919904254608
PLUG,1.0,2013-11-07 00:00:00,0.50249999999999995,0.50249999999999995,0.029850746268657025,0.0248840226280387
YRCW,1.0,2013-11-08 00:00:00,9.0399999999999991,9.0399999999999991,0.076327433628318841,0.022694447219400608
CKP,1.0,2013-11-11 00:00:00,13.862500000000001,13.862500000000001,0.0039675383228132688,0.015496205420462532
AMLZF,1.0,2013-11-12 00:00:00,2.9900000000000002,2.9900000000000002,0.0,0.020090084246477881
MTL,1.0,2013-11-13 00:00:00,2.0150000000000001,2.0150000000000001,0.16004962779156351,0.15232050252837709
BCOM,1.0,2013-11-14 00:00:00,18.93,18.93,0.02984680401479145,0.14844665578858521
MTL,1.0,2013-11-15 00:00:00,2.3999999999999999,2.3999999999999999,0.026041666666666741,0.031807929566827015
AMLZF,1.0,2013-11-18 00:00:00,2.9900000000000002,2.9900000000000002,0.0,0.019250513407126052
YRCW,1.0,2013-11-19 00:00:00,7.4674999999999985,7.4674999999999985,0.0016739203213929075,0.026153931282357483
YRCW,1.0,2013-11-20 00:00:00,7.4800000000000004,7.4800000000000004,-0.0086898395721926053,0.018247203702006533
RENT,1.0,2013-11-21 00:00:00,35.957500000000003,35.957500000000003,0.0095946603629286642,0.015569987950974232
BIOS,1.0,2013-11-22 00:00:00,6.0,6.0,-0.01083333333333325,0.13325725510311354
YRCW,1.0,2013-11-25 00:00:00,8.1699999999999999,8.1699999999999999,0.079865361077111618,0.072704363892315202
PVG,1.0,2013-11-26 00:00:00,5.3624999999999998,5.3624999999999998,-0.020512820512820551,0.069002197977606941
YRCW,1.0,2013-11-27 00:00:00,8.9950000000000028,8.9950000000000028,0.0011117287381878784,0.0096963460301823286
CAAED,1.0,2013-11-28 00:00:00,4.5499999999999998,4.5499999999999998,0.026373626373626502,-0.0051967188943200168
CHRYY,1.0,2013-11-29 00:00:00,6.2375000000000025,6.2375000000000025,-0.045691382765531086,0.011897570986721845
BRLI,1.0,2013-12-02 00:00:00,29.157499999999999,29.157499999999999,-0.0019720483580554227,0.027870485954209441
COR,1.0228953856991898,2013-12-03 00:00:00,29.377500000000001,28.71994576446281,-0.0012980767664093618,0.010014719931825995
EROC,1.0278810408921937,2013-12-04 00:00:00,5.5525000000000002,5.4018896925858941,-0.017112745434436638,0.016399429792752537
PLUG,1.0,2013-12-05 00:00:00,1.6625000000000001,1.6625000000000001,0.23609022556390991,0.05632661881763304
PLUG,1.0,2013-12-06 00:00:00,2.0550000000000002,2.0550000000000002,-0.13017031630170328,0.075109757434160054
PLUG,1.0,2013-12-09 00:00:00,1.7875000000000001,1.7875000000000001,-0.037762237762237749,0.034948626548180664
PLUG,1.0,2013-12-10 00:00:00,1.72,1.72,0.04505813953488369,0.087480411440179151
AVNR,1.0,2013-12-11 00:00:00,3.2799999999999998,3.2799999999999998,-0.025152439024390127,0.01568313690421947
AMTG,1.0522230063514468,2013-12-12 00:00:00,14.920000000000002,14.179503688799464,0.00044069381403488711,0.010418265234669755
PLUG,1.0,2013-12-13 00:00:00,2.0825,2.0825,-0.051620648259303778,0.02165394435718725
PLUG,1.0,2013-12-16 00:00:00,1.9750000000000001,1.9750000000000001,-0.064556962025316356,0.022726004124564981
PLUG,1.0,2013-12-17 00:00:00,1.8474999999999999,1.8474999999999999,-0.0027063599458728715,0.041230392307153252
TC,1.0,2013-12-18 00:00:00,1.8525,1.8525,-0.013495276653171406,0.018385824850093008
PLUG,1.0,2013-12-19 00:00:00,1.8049999999999999,1.8049999999999999,0.012465373961218829,0.017461062337504794
MDXG,1.0,2013-12-20 00:00:00,8.0849999999999991,8.0849999999999991,0.025974025974025983,0.0092145102639987157
PLAB,1.0,2013-12-23 00:00:00,8.9974999999999969,8.9974999999999969,0.0091692136704641936,0.017693875841575241
PRSC,1.0,2013-12-24 00:00:00,25.414999999999999,25.414999999999999,0.026755852842809569,0.011743980035015332
CAAED,1.0,2013-12-25 00:00:00,6.6399999999999997,6.6399999999999997,-0.0056475903614456868,-0.0018969847819092038
YRCW,1.0,2013-12-26 00:00:00,17.537500000000001,17.537500000000001,0.00014255167498222754,0.01865084463307197
REX,1.0,2013-12-27 00:00:00,45.784999999999997,45.784999999999997,-0.007426012886316391,0.86229456565464846
YRCW,1.0,2013-12-30 00:00:00,17.317500000000006,17.317500000000006,0.0017323516673886095,0.019056459835201475
YRCW,1.0,2013-12-31 00:00:00,17.347500000000004,17.347500000000004,0.073065283182014662,0.039175738405970786
CAAED,1.0,2014-01-01 00:00:00,6.6900000000000004,6.6900000000000004,0.0085949177877429062,-0.00013320390960905082
YRCW,1.0,2014-01-02 00:00:00,18.614999999999998,18.614999999999998,0.043378995433789772,0.022018590331093418
DGICB,1.0047805302042589,2014-01-03 00:00:00,23.120000000000001,23.010000000000002,0.0,0.012484124787325187
INO,1.0,2014-01-06 00:00:00,2.5299999999999998,2.5299999999999998,-0.023715415019763042,0.040805584076527686
KNDI,1.0,2014-01-07 00:00:00,12.645,12.645,0.039541320680110736,0.03567991674161556
AXDX,1.0,2014-01-08 00:00:00,12.5975,12.5975,0.014090097241516109,0.020893147644172702
TRIB,1.0,2014-01-09 00:00:00,26.670000000000002,26.670000000000002,0.020809898762654599,0.020572589241461849
KNDI,1.0,2014-01-10 00:00:00,12.907500000000002,12.907500000000002,-0.01084640712763929,0.034867523524294168
ANIK,1.0,2014-01-13 00:00:00,36.7575,36.7575,0.0041488131673808049,0.022298717626801644
YRCW,1.0,2014-01-14 00:00:00,12.65,12.65,0.019762845849802483,0.030083793451432892
PLUG,1.0,2014-01-15 00:00:00,3.7025000000000001,3.7025000000000001,0.020256583389601568,0.035703884426454516
PLUG,1.0,2014-01-16 00:00:00,3.7774999999999999,3.7774999999999999,-0.06551952349437451,0.018236906631021527
PLUG,1.0,2014-01-17 00:00:00,3.5299999999999998,3.5299999999999998,0.0035410764872521039,0.034772273665824686
CAAED,1.0,2014-01-20 00:00:00,6.0199999999999996,6.0199999999999996,0.0029069767441860521,0.0062961261807267894
PLUG,1.0,2014-01-21 00:00:00,3.5425,3.5425,-0.033168666196189189,0.021177067831254903
CHRYY,1.0,2014-01-22 00:00:00,5.9100000000000001,5.9100000000000001,-0.0025380710659897998,0.015731618688247909
VVUS,1.0,2014-01-23 00:00:00,8.3175000000000008,8.3175000000000008,-0.016831980763450605,0.011191041184928176
CVCO,1.0,2014-01-24 00:00:00,74.539999999999978,74.539999999999978,-0.01844647169305047,0.01923836861829592
ACAT,1.0021392916567624,2014-01-27 00:00:00,42.740000000000002,42.64876185958255,-0.022301911893803601,0.016329356237986908
ARAY,1.0,2014-01-28 00:00:00,9.1999999999999993,9.1999999999999993,-0.0005434782608694233,0.16785339844041769
YRCW,1.0,2014-01-29 00:00:00,20.892499999999998,20.892499999999998,0.094411870288381161,0.014679446776116243
RENT,1.0,2014-01-30 00:00:00,54.990000000000002,54.990000000000002,0.016639388979814651,0.014463036603920825
YRCW,1.0,2014-01-31 00:00:00,22.655000000000001,22.655000000000001,-0.033877731185168902,0.038615578955553717
LONG,1.0,2014-02-03 00:00:00,16.9175,16.9175,-0.021131963942663042,3.0748814315877504
ACCL,1.0,2014-02-04 00:00:00,12.5375,12.5375,-0.00019940179461608309,0.017508135049908918
ACCL,1.0,2014-02-05 00:00:00,12.535,12.535,0.0005983246908656259,0.020852295082267838
EDMC,1.0,2014-02-06 00:00:00,5.4349999999999996,5.4349999999999996,0.07635694572217111,0.02620390000515169
AFFX,1.0,2014-02-07 00:00:00,7.0575000000000001,7.0575000000000001,0.0070846617074034066,0.020908336752875442
INO,1.0,2014-02-10 00:00:00,2.6724999999999999,2.6724999999999999,0.079513564078578014,0.017410449177184092
LONKF,1.0,2014-02-11 00:00:00,0.17999999999999999,0.17999999999999999,0.0,0.039141222832188252
AVNR,1.0,2014-02-12 00:00:00,3.8725000000000001,3.8725000000000001,0.015493867010974991,0.0358211108159604
PLUG,1.0,2014-02-13 00:00:00,3.8599999999999999,3.8599999999999999,-0.0025906735751294319,0.052695369287479712
MUX,1.0,2014-02-14 00:00:00,3.0724999999999998,3.0724999999999998,-0.0089503661513427053,0.015709345287819209
CAAED,1.0,2014-02-17 00:00:00,6.0599999999999996,6.0599999999999996,0.0066006600660066814,0.003168472146295816
JIVE,1.0,2014-02-18 00:00:00,7.7675000000000001,7.7675000000000001,0.021886063727067917,0.021716826138172315
SB,1.0051599587203304,2014-02-19 00:00:00,9.9199999999999999,9.8690759753593422,-0.0005183664996565307,0.5399397656127537
CDURQ,1.0,2014-02-20 00:00:00,3.5,3.5,0.0,0.075774657186595887
CDURQ,1.0,2014-02-21 00:00:00,3.5,3.5,0.0,0.039822863752720886
LONKF,1.0,2014-02-24 00:00:00,0.17999999999999999,0.17999999999999999,0.0,0.069683053849765961
CCMO,1.0,2014-02-25 00:00:00,6.8499999999999996,6.8499999999999996,0.0,0.017279768028880097
CDURQ,1.0,2014-02-26 00:00:00,3.5,3.5,0.031428571428571361,0.013545266132470472
ESI,1.0,2014-02-27 00:00:00,30.502500000000001,30.502500000000001,0.012867797721498377,0.014637345653088663
ELGX,1.0,2014-02-28 00:00:00,13.327500000000001,13.327500000000001,0.021947101857062501,0.029464660783846013
ANIK,1.0,2014-03-03 00:00:00,40.305,40.305,0.054893933755117086,0.032501904892001734
EBIX,1.0,2014-03-04 00:00:00,17.030000000000001,17.030000000000001,0.018203170874926625,0.22990645862528941
FCEL,1.0,2014-03-05 00:00:00,3.2149999999999999,3.2149999999999999,-0.065318818040435489,0.078480879198851258
AFFX,1.0,2014-03-06 00:00:00,7.9299999999999997,7.9299999999999997,-0.02522068095838581,0.020871047523294956
ELGX,1.0,2014-03-07 00:00:00,14.147500000000001,14.147500000000001,0.00318077398833716,0.037204468217817151
PLUG,1.0,2014-03-10 00:00:00,9.8800000000000008,9.8800000000000008,-0.11082995951417007,0.031401047933096685
PLUG,1.0,2014-03-11 00:00:00,8.7850000000000001,8.7850000000000001,-0.2788844621513944,0.23220203625851574
PLUG,1.0,2014-03-12 00:00:00,6.335,6.335,0.22415153906866639,0.074963568755966506
PZN,1.0,2014-03-13 00:00:00,12.0375,12.0375,0.0043613707165108817,0.023479174340614601
FCEL,1.0,2014-03-14 00:00:00,3.085,3.085,-0.031604538087520284,0.03873330964156968
FCEL,1.0,2014-03-17 00:00:00,2.9874999999999998,2.9874999999999998,-0.07531380753138063,0.048500250617395387
PLUG,1.0,2014-03-18 00:00:00,6.2149999999999999,6.2149999999999999,0.004022526146419958,0.061141475325576337
CPST,1.0,2014-03-19 00:00:00,2.4750000000000005,2.4750000000000005,-0.010101010101010388,0.02146672266518921
PLUG,1.0,2014-03-20 00:00:00,6.0774999999999997,6.0774999999999997,-0.034142328259975215,0.039832492967095671
PLUG,1.0,2014-03-21 00:00:00,5.8700000000000001,5.8700000000000001,0.0042589437819422465,0.036188433660388569
PLUG,1.0,2014-03-24 00:00:00,5.8950000000000005,5.8950000000000005,0.21670907548770146,0.048978802324167972
ECYT,1.0,2014-03-25 00:00:00,27.9925,27.9925,-0.06055193355363031,0.03185780594497243
EXEL,1.0,2014-03-26 00:00:00,4.1850000000000005,4.1850000000000005,-0.052568697729988179,0.019119788257963552
RPTP,1.0,2014-03-27 00:00:00,10.1425,10.1425,-0.032782844466354384,0.030136245644970062
EXEL,1.0,2014-03-28 00:00:00,3.6400000000000001,3.6400000000000001,-0.035027472527472403,0.030535392132928125
ECYT,1.0,2014-03-31 00:00:00,23.112500000000001,23.112500000000001,0.026825310978907613,0.03926756774361783
SQI,1.0,2014-04-01 00:00:00,27.192499999999999,27.192499999999999,0.0018387423002665933,0.014985347165191756
ECYT,1.0,2014-04-02 00:00:00,23.905000000000001,23.905000000000001,0.0034511608450114037,0.027416486114520241
ECYT,1.0,2014-04-03 00:00:00,23.987500000000001,23.987500000000001,-0.053986451276706537,0.036728767666263901
TXMD,1.0,2014-04-04 00:00:00,5.4500000000000002,5.4500000000000002,-0.059633027522935762,0.014106240368565972
EXEL,1.0,2014-04-07 00:00:00,3.6324999999999998,3.6324999999999998,0.015141087405368125,0.014591494816861282
AXDX,1.0,2014-04-08 00:00:00,17.895,17.895,0.027801061749092026,0.022328802357460209
KNDI,1.0,2014-04-09 00:00:00,14.320000000000002,14.320000000000002,-0.051152234636871567,0.015663950176951342
IMPV,1.0,2014-04-10 00:00:00,29.692499999999999,29.692499999999999,-0.047907720804917016,0.060873218246161841
IMPV,1.0,2014-04-11 00:00:00,28.27,28.27,-0.030597806862398214,0.037340347445405035
IMPV,1.0,2014-04-14 00:00:00,27.405000000000001,27.405000000000001,-0.036580915891260779,0.016954762388420527
PRSC,1.0,2014-04-15 00:00:00,42.012500000000003,42.012500000000003,-0.0066051770306455593,0.014291676611052091
BCOM,1.0,2014-04-16 00:00:00,18.020000000000003,18.020000000000003,-0.013596004439511922,0.67095617420596132
BCRX,1.0,2014-04-17 00:00:00,8.370000000000001,8.370000000000001,0.036439665471923233,0.019643744604092458
EVTCY,1.0,2014-04-21 00:00:00,9.5199999999999996,9.5199999999999996,0.0,0.010907746966703212
AVNR,1.0,2014-04-22 00:00:00,3.5674999999999999,3.5674999999999999,-0.0063069376313944492,0.012626129164087944
IMPV,1.0,2014-04-23 00:00:00,26.614999999999998,26.614999999999998,-0.019349990606800538,0.030046148754064875
