Symbol,Adj Multiple,Date,Open,Adj Open,Forward Lag  3,Lag 1,Lag 2,Lag 3,Lag 4,Lag 5,Lag 6,Lag 7,Lag 8,Lag 9,Lag 10,Lag 11,Lag 12,Lag 13,Lag 14,Lag 15,Lag 16,Lag 17,Lag 18,Lag 19,Lag 20
ABAT,1.0,2007-02-28,0.78,0.78,0.13095238095238093,-0.023809523809523836,-0.012048192771084376,-0.023809523809523836,-0.03529411764705881,-0.023809523809523836,-0.023809523809523836,-0.012048192771084376,-0.04651162790697683,-0.04651162790697683,-0.012048192771084376,-0.05747126436781613,-0.012048192771084376,-0.03529411764705881,0.012345679012345512,0.17142857142857149,0.22388059701492513,0.2058823529411764,0.22388059701492513,0.2058823529411764,0.22388059701492513
ABAT,0.1,2000-02-29,1.25,12.5,0.0,0.11111111111111116,-0.14908100748808706,-0.14908100748808706,-0.14908100748808706,-0.14908100748808706,-0.16666666666666663,-0.1307371349095967,0.0,0.05218855218855212,0.05218855218855212,0.0,0.0,0.1938872970391594,0.0,0.11111111111111116,0.33262260127931764,0.5375153751537514,0.5375153751537514,0.5375153751537514,0.5375153751537514
ABAT,0.09999999999999999,2003-02-12,0.01,0.1,0.0,0.0,0.0,0.0,0.0,0.0,0.0,0.0,0.0,0.0,0.0,0.0,0.0,0.0,0.0,0.0,0.0,0.0,0.0,0.0,0.0
ABAT,0.09999999999999999,2002-11-21,0.01,0.1,0.0,0.0,0.0,0.0,0.0,0.0,0.0,0.0,0.0,0.0,0.0,0.0,0.0,0.0,0.0,0.0,0.0,0.0,0.0,0.0,0.0
ABAT,1.0,2010-12-07,3.88,3.88,0.0025706940874035134,0.005235602094240788,0.0,-0.0025974025974027093,0.01319261213720302,0.01319261213720302,-0.10280373831775713,-0.0878859857482186,-0.08571428571428574,-0.04477611940298498,-0.051851851851851816,-0.051851851851851816,-0.03759398496240607,-0.03759398496240607,-0.040000000000000036,-0.047146401985111774,-0.03759398496240607,-0.04950495049504955,-0.03759398496240607,-0.015384615384615441,-0.047146401985111774
ABAT,1.0,2010-11-04,3.95,3.95,-0.027431421446383997,0.020356234096692072,0.022959183673469274,0.03084832904884305,0.015189873417721378,0.007537688442210921,0.012626262626262541,0.007537688442210921,0.005012531328320691,0.012626262626262541,0.0,0.0024999999999999467,0.017766497461928932,-0.024330900243309084,0.012626262626262541,0.007537688442210921,0.020356234096692072,0.04699738903394257,0.036175710594315236,0.04427083333333326,0.09562841530054644
ABAT,1.0,2012-09-05,0.34,0.34,-0.032258064516129115,-0.08823529411764708,-0.11428571428571421,-0.13888888888888884,-0.11428571428571421,-0.11428571428571421,-0.11428571428571421,-0.11428571428571421,-0.11428571428571421,-0.13888888888888884,-0.11428571428571421,-0.08823529411764708,-0.11428571428571421,-0.11428571428571421,-0.11428571428571421,-0.11428571428571421,-0.11428571428571421,-0.11428571428571421,-0.13888888888888884,-0.11428571428571421,-0.11428571428571421
ABAT,1.0,2008-03-19,4.02,4.02,0.16834170854271369,-0.051094890510948954,-0.06921241050119342,-0.12359550561797761,-0.12359550561797761,-0.1333333333333333,-0.1428571428571428,-0.1409691629955947,-0.10550458715596334,-0.13716814159292035,-0.13907284768211925,-0.15217391304347816,-0.16488222698072807,-0.1594827586206896,-0.15401301518438182,-0.16309012875536488,-0.16666666666666663,-0.17021276595744683,-0.17721518987341778,-0.1576673866090713,-0.1908713692946059
ABAT,0.09999999999999999,2004-07-12,0.3,3.0,1.1428571428571428,0.16666666666666674,0.16666666666666674,0.0,0.0,0.0,0.0,0.0,0.0,0.0,0.0,0.0,0.0,0.0,0.0,0.0,-0.2222222222222222,-0.2222222222222222,-0.2222222222222222,-0.2222222222222222,-0.2222222222222222
ABAT,1.0,2008-08-19,4.0,4.0,0.06613756613756627,-0.06382978723404265,-0.10000000000000009,-0.11210762331838564,-0.14470842332613387,-0.1574468085106383,-0.1885245901639344,-0.22807017543859653,-0.2839059674502713,-0.28519855595667876,-0.28,-0.28,-0.28260869565217384,-0.2978723404255319,-0.3015873015873016,-0.28648648648648645,-0.28648648648648645,-0.28904847396768407,-0.2839059674502713,-0.2733944954128441,-0.3076923076923077
ABAT,0.09999999999999999,2004-07-08,0.35,3.5,0.16666666666666674,-0.1428571428571429,-0.1428571428571429,-0.1428571428571429,-0.1428571428571429,-0.1428571428571429,-0.1428571428571429,-0.1428571428571429,-0.1428571428571429,-0.1428571428571429,-0.1428571428571429,-0.1428571428571429,-0.1428571428571429,-0.1428571428571429,-0.33333333333333337,-0.33333333333333337,-0.33333333333333337,-0.33333333333333337,-0.33333333333333337,-0.33333333333333337,-0.33333333333333337
ABAT,1.0,2007-08-30,3.09,3.09,0.12828947368421062,-0.02931596091205202,0.010169491525423568,0.04195804195804209,0.04195804195804209,0.03472222222222232,0.05673758865248235,0.06428571428571428,0.03472222222222232,0.010169491525423568,0.013605442176870763,-0.08307692307692305,-0.00666666666666671,0.07194244604316546,0.12030075187969924,0.0875912408759123,0.11194029850746268,0.12452830188679243,0.12878787878787867,0.16862745098039222,0.10780669144981414
ABAT,0.1,2000-10-18,0.75,7.5,0.0,0.0,0.0,0.0,0.19999999999999996,0.19999999999999996,0.19999999999999996,0.0,0.0,0.0,0.14329268292682928,0.0,-0.17218543046357615,-0.20042643923240944,0.14329268292682928,-0.07749077490774914,-0.07749077490774914,-0.07749077490774914,-0.07749077490774914,-0.07749077490774914,-0.07749077490774914
ABAT,1.0,2006-10-31,0.65,0.65,-0.05797101449275355,0.02941176470588225,0.0,-0.02777777777777779,0.06060606060606055,-0.02777777777777779,0.0,-0.014084507042253502,0.0,-0.014084507042253502,0.01449275362318847,0.0,0.0,0.0,-0.02777777777777779,-0.014084507042253502,0.02941176470588225,-0.014084507042253502,-0.02777777777777779,0.0,-0.04109589041095896
ABAT,1.0,2007-11-26,4.43,4.43,0.19791666666666652,-0.026455026455026398,-0.12380952380952381,-0.15011547344110854,-0.0980392156862745,-0.2712871287128712,-0.3835845896147403,-0.4016260162601626,-0.38564273789649417,-0.3967213114754098,-0.42138364779874216,-0.41307814992025516,-0.41587301587301584,-0.39869281045751637,-0.4204724409448818,-0.4320987654320988,-0.46355685131195334,-0.48675034867503486,-0.4824191279887482,-0.5020297699594045,-0.49589041095890407
ABAT,1.0,2011-06-23,1.11,1.11,-0.1517857142857144,-0.0350877192982455,-0.08333333333333326,-0.051724137931034364,-0.009009009009009028,-0.07563025210084018,-0.051724137931034364,-0.10569105691056901,-0.08333333333333326,-0.06779661016949146,-0.16666666666666663,-0.16030534351145032,-0.20289855072463758,-0.23076923076923073,-0.2413793103448275,-0.2666666666666666,-0.28104575163398693,-0.2666666666666666,-0.2763157894736842,-0.27152317880794696,-0.2567567567567567
ABAT,1.0,2008-07-28,5.58,5.58,0.008928571428571619,-0.0035906642728905647,0.0036166365280287938,0.0183486238532109,-0.029720279720279685,-0.034782608695652195,-0.026315789473684292,-0.056122448979591844,-0.054514480408858645,0.005434782608695787,0.03738317757009346,0.016483516483516425,0.059160305343511466,0.10557768924302802,0.014625228519195677,0.16108786610878645,0.07350096711798848,0.035447761194029814,-0.034782608695652195,-0.03812824956672445,-0.11341853035143767
ABAT,0.1,2004-03-03,0.1,1.0,0.0,0.0,0.0,0.0,0.0,0.0,-0.16666666666666663,0.0,0.0,0.0,0.0,0.0,0.0,0.0,-0.16666666666666663,-0.16666666666666663,-0.16666666666666663,-0.16666666666666663,-0.16666666666666663,-0.16666666666666663,-0.16666666666666663
ABAT,1.0,2008-03-25,4.35,4.35,-0.053763440860215006,0.06896551724137945,0.15384615384615397,0.1923076923076925,0.13138686131386867,0.10978520286396187,0.04494382022471921,0.04494382022471921,0.03333333333333344,0.021978021978022122,0.02422907488986792,0.0665137614678899,0.028761061946902755,0.026490066225165476,0.010869565217391353,-0.004282655246252598,0.0021551724137931494,0.008676789587852562,-0.0021459227467810482,-0.0064102564102562765,-0.010638297872340385
ABAT,1.0,2007-02-20,0.84,0.84,0.023809523809523725,0.012048192771084265,-0.023255813953488413,-0.023255813953488413,0.012048192771084265,-0.034482758620689724,0.012048192771084265,-0.0117647058823529,0.03703703703703698,0.19999999999999996,0.25373134328358193,0.23529411764705865,0.25373134328358193,0.23529411764705865,0.25373134328358193,0.23529411764705865,0.23529411764705865,0.29230769230769216,0.29230769230769216,0.25373134328358193,0.23529411764705865
ABAT,1.0,2008-02-08,4.1,4.1,0.029850746268656803,-0.016990291262136026,0.027918781725888353,0.0,-0.031100478468899517,0.004962779156327368,0.007462686567164312,-0.007352941176470673,-0.012195121951219523,0.0,-0.007352941176470673,-0.03341288782816243,0.041131105398457546,0.02015113350125941,-0.042553191489361875,-0.05813953488372092,-0.10000000000000009,-0.10989010989010994,-0.12147505422993499,-0.13090128755364816,-0.19000000000000006
ABAT,1.0,2012-10-23,0.31,0.31,0.06451612903225823,0.0,-0.05882352941176472,-0.030303030303030276,0.032258064516129004,-0.030303030303030276,-0.05882352941176472,0.0,0.0,0.0,-0.030303030303030276,-0.08571428571428563,-0.08571428571428563,-0.05882352941176472,-0.08571428571428563,-0.08571428571428563,-0.030303030303030276,-0.05882352941176472,-0.05882352941176472,-0.05882352941176472,-0.08571428571428563
ABAT,1.0,2007-07-11,2.63,2.63,0.01851851851851838,0.0,-0.04255319148936154,-0.007352941176470562,0.0714285714285714,0.05882352941176494,0.08000000000000007,0.05882352941176494,0.05058365758754868,0.06299212598425208,0.04247104247104261,0.08000000000000007,0.018867924528301883,0.03053435114503822,0.04651162790697683,0.00746268656716409,0.018867924528301883,0.003717472118959231,-0.018181818181818077,0.03846153846153855,0.1020408163265305
ABAT,1.0,2007-12-21,4.12,4.12,0.31894484412470026,0.00728155339805836,-0.0235294117647058,-0.03712296983758678,-0.0348837209302324,-0.06108597285067863,-0.014251781472684022,-0.05681818181818177,-0.016587677725118377,-0.07158836689038017,-0.10560344827586188,-0.13179916317991625,-0.15478615071283086,-0.08185840707964587,-0.11324786324786307,-0.07982261640798216,-0.045977011494252706,0.05597964376590325,0.2575757575757578,0.1277173913043479,0.09788359788359813
ABAT,1.0,2009-11-27,3.39,3.39,0.08645533141210371,0.0028985507246375164,-0.0028818443804035088,-0.005747126436781658,0.014662756598240456,0.032835820895522394,0.0,-0.019830028328611804,-0.005747126436781658,0.011695906432748648,0.04216867469879526,0.005813953488372103,0.011695906432748648,-0.05205479452054795,-0.02259887005649719,-0.008595988538682042,0.01764705882352935,-0.008595988538682042,0.08124999999999982,0.029761904761904878,-0.028089887640449507
ABAT,1.0,2010-12-21,3.93,3.93,0.0025510204081633514,-0.010178117048346036,-0.017676767676767624,-0.015189873417721489,-0.02015113350125941,-0.022613065326633097,-0.022613065326633097,0.007772020725388629,0.015665796344647598,0.013020833333333481,0.013020833333333481,0.01832460732984309,0.013020833333333481,0.010389610389610393,0.02638522427440626,0.02638522427440626,-0.09112149532710279,-0.07600950118764838,-0.07380952380952377,-0.03233830845771135,-0.03950617283950608
ABAT,0.1008,2000-04-11,0.63,6.25,-0.37735849056603776,-0.41204139228598313,-0.41204139228598313,0.0,-0.41204139228598313,-0.41204139228598313,-0.41204139228598313,-0.5833333333333333,-0.5833333333333333,-0.5833333333333333,-0.5833333333333333,-0.5833333333333333,-0.5833333333333333,-0.4444444444444444,-0.5454545454545455,-0.5833333333333333,-0.5454545454545455,-0.5,-0.5,-0.41204139228598313,-0.393792434529583
ABAT,0.09999999999999999,2003-01-31,0.01,0.1,0.0,0.0,0.0,0.0,0.0,0.0,0.0,0.0,0.0,0.0,0.0,0.0,0.0,0.0,0.0,0.0,0.0,0.0,0.0,0.0,0.0
ABAT,0.1,2002-03-25,0.06,0.6,0.0,0.0,0.0,0.0,0.0,0.0,-0.33333333333333337,-0.33333333333333337,-0.33333333333333337,-0.33333333333333337,-0.33333333333333337,-0.33333333333333337,-0.33333333333333337,-0.33333333333333337,-0.33333333333333337,-0.33333333333333337,-0.33333333333333337,-0.33333333333333337,-0.33333333333333337,-0.33333333333333337,-0.33333333333333337
ABAT,1.0,2005-07-20,1.44,1.44,0.014184397163120588,-0.01388888888888895,0.021582733812949728,0.021582733812949728,0.0,0.014285714285714235,0.0,0.03649635036496335,0.06766917293233066,0.051851851851851816,0.12698412698412698,0.10077519379844957,0.109375,-0.006993006993006978,-0.006993006993006978,-0.11250000000000004,0.051851851851851816,0.06766917293233066,0.07575757575757569,0.0,0.07575757575757569
ABAT,0.1,2002-06-21,0.06,0.6,0.0,0.0,0.0,0.0,0.0,0.0,0.0,0.0,0.0,0.0,0.0,0.0,0.0,0.0,0.0,0.0,0.0,0.0,0.0,0.0,0.0
ABAT,1.0,2007-03-12,1.27,1.27,0.028571428571428692,0.22033898305084754,0.4693877551020409,0.4693877551020409,0.43999999999999995,0.48453608247422686,0.5157894736842106,0.43999999999999995,0.7560975609756098,0.7142857142857142,0.7349397590361446,0.7142857142857142,0.6941176470588235,0.7142857142857142,0.7142857142857142,0.7349397590361446,0.6744186046511627,0.6744186046511627,0.7349397590361446,0.6551724137931034,0.7349397590361446
ABAT,1.0,2006-12-08,0.61,0.61,-0.032258064516129115,0.0,0.03333333333333344,0.016393442622950838,0.0,0.0,0.0,0.016393442622950838,-0.015873015873015928,0.03333333333333344,0.03333333333333344,0.03333333333333344,0.05084745762711873,0.016393442622950838,0.03333333333333344,-0.015873015873015928,0.0,-0.0746268656716419,-0.08823529411764708,-0.04615384615384621,-0.0746268656716419
ABAT,1.0,2013-07-18,0.2,0.2,-0.09090909090909083,0.0,0.0,0.04999999999999982,0.04999999999999982,0.04999999999999982,0.10526315789473673,0.10526315789473673,0.04999999999999982,0.04999999999999982,0.10526315789473673,0.04999999999999982,0.10526315789473673,0.10526315789473673,-0.045454545454545525,0.04999999999999982,0.04999999999999982,0.0,0.04999999999999982,-0.045454545454545525,-0.045454545454545525
ABAT,1.0,2007-05-29,2.86,2.86,-0.04095563139931746,0.0888888888888888,0.30666666666666664,0.3183856502242153,0.23529411764705888,0.13076923076923075,0.07692307692307687,0.042553191489361764,0.07299270072992692,0.01379310344827589,0.010309278350515427,0.01379310344827589,0.0462633451957295,0.050000000000000044,0.03157894736842093,0.0034129692832762792,-0.010101010101010166,0.01379310344827589,0.10943396226415092,0.035211267605633756,-0.020000000000000018
ABAT,0.09999999999999999,2003-02-21,0.01,0.1,0.0,0.0,0.0,0.0,0.0,0.0,0.0,0.0,0.0,0.0,0.0,0.0,0.0,0.0,0.0,0.0,0.0,0.0,0.0,0.0,0.0
ABAT,0.10133333333333333,2000-12-15,0.28,2.7631578947368425,-0.5,0.0,0.0,0.0,0.0,0.0,0.0,0.0,0.0,-0.29378531073446323,-0.29378531073446323,-0.29378531073446323,-0.29378531073446323,-0.4,-0.14383561643835618,-0.5,-0.5,-0.5,-0.5,-0.5,-0.5
ABAT,1.0,2010-09-23,3.44,3.44,0.005747126436781658,-0.00867052023121384,0.008823529411764675,-0.005797101449275366,0.02083333333333348,0.017804154302670572,-0.019999999999999907,-0.017191977077363862,-0.03651685393258419,-0.011527377521613813,-0.033802816901408406,-0.033802816901408406,-0.04456824512534807,-0.0602739726027397,-0.05769230769230771,-0.028328611898016942,-0.019999999999999907,-0.047222222222222165,-0.0602739726027397,-0.03651685393258419,-0.047222222222222165
ABAT,0.09999999999999999,2004-06-03,0.35,3.5,0.4285714285714286,-0.05405405405405406,-0.05405405405405406,0.0,0.0,0.0,0.16666666666666674,0.16666666666666674,0.0,0.0,0.0,-0.14634146341463405,-0.14634146341463405,-0.14634146341463405,-0.14634146341463405,-0.14634146341463405,-0.18604651162790697,-0.18604651162790697,-0.18604651162790697,-0.14634146341463405,-0.05405405405405406
ABAT,1.0,2011-10-27,1.02,1.02,-0.05940594059405946,0.01980198019801982,0.01980198019801982,0.0,-0.05504587155963303,-0.01904761904761909,-0.04629629629629628,-0.009615384615384581,0.030000000000000027,-0.028301886792452824,-0.01904761904761909,-0.05504587155963303,-0.03738317757009346,-0.01904761904761909,-0.03738317757009346,-0.01904761904761909,0.061855670103092786,0.061855670103092786,0.04040404040404044,0.01980198019801982,-0.028301886792452824
ABAT,1.0,2005-05-11,1.76,1.76,-0.05681818181818188,0.0,0.0235294117647058,0.0,-0.033333333333333326,0.011627906976744207,0.08074534161490665,0.10126582278481,0.011627906976744207,-0.05434782608695654,-0.005714285714285672,-0.05945945945945952,-0.033333333333333326,-0.011363636363636354,-0.033333333333333326,-0.07446808510638292,0.0235294117647058,0.15999999999999992,-0.033333333333333326,-0.05945945945945952,0.01754385964912286
ABAT,1.0,2007-01-22,0.65,0.65,0.0,0.0,0.0,0.0625,0.04615384615384621,0.04615384615384621,0.014925373134328401,0.04615384615384621,0.07936507936507953,0.04615384615384621,0.014925373134328401,0.0625,0.030303030303030276,0.07936507936507953,0.0625,0.04615384615384621,0.0625,0.0625,0.0625,0.0625,0.0625
ABAT,0.1,2002-06-27,0.06,0.6,0.0,0.0,0.0,0.0,0.0,0.0,0.0,0.0,0.0,0.0,0.0,0.0,0.0,0.0,0.0,0.0,0.0,0.0,0.0,0.0,0.0
ABAT,1.0,2007-06-25,2.65,2.65,0.028000000000000025,-0.05660377358490565,-0.04580152671755733,-0.03100775193798455,-0.0671641791044777,-0.05660377358490565,-0.07063197026022305,-0.09090909090909094,-0.03846153846153855,0.020408163265306145,-0.003984063745019806,-0.049429657794676785,-0.05660377358490565,-0.08088235294117652,-0.053030303030303094,-0.0671641791044777,-0.13194444444444442,-0.13793103448275856,-0.11971830985915488,-0.14965986394557818,-0.07407407407407418
ABAT,1.0,2010-03-12,4.12,4.12,0.02977667493796532,-0.009756097560975618,-0.016949152542372947,0.014999999999999902,0.00995024875621886,0.00995024875621886,0.02010050251256268,0.0024691358024691024,0.004950495049504955,0.014999999999999902,0.04370179948586106,0.03571428571428559,0.07124010554089688,0.051813471502590636,0.022670025188916698,0.038363171355498604,0.022670025188916698,0.06842105263157894,0.10027100271002709,0.11845730027548207,0.11232876712328754
ABAT,0.1,2001-11-08,0.1,1.0,0.0,0.0,0.0,0.0,0.0,0.0,0.0,0.0,0.0,0.0,0.0,0.0,0.0,0.0,0.0,0.0,0.0,0.0,0.0,0.0,0.0
ABAT,0.09999999999999999,2003-04-30,0.01,0.1,0.0,0.0,0.0,0.0,0.0,0.0,0.0,0.0,0.0,0.0,0.0,0.0,0.0,0.0,0.0,0.0,0.0,0.0,0.0,0.0,0.0
ABAT,0.09999999999999999,2003-02-28,0.01,0.1,0.0,0.0,0.0,0.0,0.0,0.0,0.0,0.0,0.0,0.0,0.0,0.0,0.0,0.0,0.0,0.0,0.0,0.0,0.0,0.0,0.0
ABAT,1.0,2006-04-18,0.65,0.65,0.13114754098360648,-0.046875,0.08928571428571419,0.016666666666666607,0.1090909090909089,0.051724137931034475,0.016666666666666607,0.016666666666666607,0.016666666666666607,0.033898305084745894,0.016666666666666607,0.08928571428571419,0.1090909090909089,0.033898305084745894,0.016666666666666607,0.016666666666666607,-0.08955223880597019,-0.031746031746031744,-0.06153846153846154,-0.06153846153846154,0.0
ABAT,1.0,2005-01-11,0.61,0.61,0.0,0.0,0.0,0.0,-0.12857142857142856,0.08928571428571419,0.08928571428571419,0.08928571428571419,0.08928571428571419,0.08928571428571419,0.08928571428571419,0.08928571428571419,0.08928571428571419,0.08928571428571419,0.0,-0.06153846153846154,-0.18666666666666665,-0.18666666666666665,-0.12857142857142856,-0.12857142857142856,-0.12857142857142856
ABIO,0.16666666666666666,2012-12-05,0.31,1.86,0.0,0.14814814814814814,0.1071428571428572,0.14814814814814814,0.1071428571428572,0.14814814814814814,0.06896551724137945,0.14814814814814814,0.1923076923076923,0.14814814814814814,0.1071428571428572,0.1923076923076923,0.24,0.24,0.1071428571428572,0.14814814814814814,0.1071428571428572,0.14814814814814814,0.1071428571428572,0.06896551724137945,0.1071428571428572
ABIO,0.16666666666666666,2012-06-05,0.46,2.7600000000000002,-0.061224489795918324,-0.08333333333333326,-0.12,-0.06382978723404242,-0.2666666666666666,-0.3015873015873015,-0.3623188405797101,-0.19999999999999996,0.023255813953488413,0.0,0.0,0.023255813953488413,0.04761904761904767,0.07317073170731714,0.0,-0.15384615384615385,-0.15384615384615385,-0.06382978723404242,-0.08333333333333326,-0.15384615384615385,-0.16981132075471694
ABIO,0.0027779552715654953,1997-09-10,16.64,5990.017251293847,0.036773950534635835,0.04511176518709337,0.14875875332149113,0.21929841647026738,0.18803387984157016,0.17796490567812961,0.1680673523309102,0.23008722615330512,0.2410711276499149,0.252250450090018,0.2410711276499149,0.23008722615330512,0.287035685428741,0.27522958206693127,0.27522958206693127,0.29906512964711496,0.26363555620150336,0.2410711276499149,0.20346197175517045,0.2410711276499149,0.19827417891420263
ABIO,0.16666666666666666,2010-10-06,3.83,22.98,0.007594936708860578,-0.010471204188481797,0.008000000000000007,0.013404825737265424,-0.007874015748031482,-0.0026385224274405594,0.008000000000000007,0.016129032258064502,0.005319148936170359,0.03561643835616435,0.04999999999999982,0.04132231404958664,-0.0052631578947368585,0.0,0.07692307692307687,0.09565217391304359,0.10850439882697938,0.08933717579250722,0.09883720930232553,0.09248554913294793,0.09248554913294793
ABIO,0.0027780460677703837,2000-04-19,26.4,9503.082150537635,-0.0761250663504125,0.16145883327107602,0.3273808658414894,0.2388891356050964,-0.038792728038398394,-0.1079998223643307,-0.18014676169958832,-0.24915798736364247,-0.2987420966452419,-0.3052960040286208,-0.2806450180357506,-0.24789169912462727,-0.3009401050222461,-0.37534993795812255,-0.27004906058073186,-0.3283130294041914,-0.40053744346666553,-0.44249988897770676,-0.4740563888629953,-0.5334727537846288,-0.5219719466959616
ABIO,0.002777649764758621,2001-05-08,12.1,4356.200754147812,-0.07695489949445233,0.1087879519863244,0.10416657029323728,0.1572055365670375,0.06084888888888873,0.0842888032852418,0.1521754346162849,0.1851530032124964,0.1622825811729418,0.29268471005564645,0.3343414410536496,0.32500111022293265,0.1980104346778624,0.17256862143076446,0.127661584832923,0.31188185473122454,0.25592469429419307,0.21226018613745734,0.24063640238261064,0.3184106669907123,0.3343414410536496
ABIO,0.0027755544654153004,2003-07-03,2.15,774.62,-0.041283911069034396,0.023817076394395897,0.03864306784660765,0.074995142801632,0.17485932689245143,0.10824653771317383,0.06436010882409526,0.05912111351144422,0.06436010882409526,0.0,-0.04867055572612833,-0.013763161580280792,-0.057020427044530364,-0.09664252644345706,-0.06113494776137485,0.05912111351144422,0.0696511916926732,0.004669139581333859,-0.04444581508665879,-0.057020427044530364,-0.16342311596863746
ABIO,1.0,2013-11-13,1.45,1.45,-0.020270270270270285,0.0,-0.026666666666666727,-0.045751633986928164,-0.08750000000000002,0.04285714285714293,0.04285714285714293,0.05797101449275366,0.07352941176470584,0.07352941176470584,0.006896551724137945,-0.045751633986928164,-0.06410256410256421,-0.07594936708860767,-0.06410256410256421,-0.051948051948051965,-0.058064516129032295,-0.058064516129032295,-0.08750000000000002,-0.12048192771084332,-0.1097560975609756
ABIO,0.002775560831041547,2004-02-02,5.01,1805.0406043956043,-0.02957358718129155,0.24090533473793108,0.2269659697619879,0.2133288102140256,0.1895423650920347,0.2133288102140256,0.24090533473793108,0.2697645297048874,0.2757015103467506,0.20529992034801792,0.30935170394036193,0.2727219792448434,0.24942519975102573,0.24090533473793108,0.2133288102140256,0.2757015103467506,0.36500017347257385,0.4000014233659759,0.39285436123285633,0.39285436123285633,0.5166610127675322
ABIO,0.008336683523412538,2006-12-22,3.95,473.8095177664975,0.045926819931519924,-0.007559690052707735,-0.005052525209995551,-0.010054251063027486,-0.024762179897236947,-0.05288577154308616,-0.0460032297133629,-0.06413861386138597,-0.034307315079689316,-0.027171116280026997,-0.798465710898655,-0.7979487486426171,-0.7986717558552648,-0.7995937682867877,-0.7977412203743806,-0.7944709238610468,-0.7947921913263977,-0.7992873705757944,-0.7928502864356188,-0.793501057378052,-0.7975341327267197
ABIO,0.008336592998239781,2007-05-23,3.47,416.23718475073315,0.029407044313328745,0.00294233032561797,-0.005833171300797302,0.008879242304656643,0.008879242304656643,-0.014432691612654258,0.05249073692877726,-0.0029251170046800112,-0.03942888006951106,-0.033984365774744285,-0.050135847479274465,-0.05540031868461759,-0.08822611564352911,-0.12337926748247985,-0.07082822225251006,-0.09307791228770335,-0.08332212809824735,-0.09065848561646872,-0.1345083684221663,-0.16624541377904611,-0.18615200955033828
ABIO,0.16666666666666669,2009-06-04,4.4,26.4,-0.07589285714285732,0.013698630136986356,-0.07883817427385897,-0.13450292397660824,-0.5220667384284177,-0.5236051502145922,-0.5251336898395722,-0.5016835016835017,-0.48551564310544615,-0.5066666666666666,-0.6135770234986945,-0.647339158061954,-0.6512175962293794,-0.6698884758364312,-0.6517647058823529,-0.6492890995260663,-0.6259477674810446,-0.6175710594315245,-0.5551102204408818,-0.5710144927536231,-0.5599603567888999
ABIO,0.0027755706246666593,2003-06-03,2.41,868.2899215686275,-0.09469589588618144,0.08509708508527436,0.2378636198278068,0.35637936634481937,0.2438971553906768,0.3212292913023469,0.42456428704335436,0.6139022590731829,0.6037600809971022,0.6558467305889986,0.8749974489275294,0.9465443450993682,0.9029598790364339,0.9615474945022098,0.9615474945022098,0.9615474945022098,0.9029598790364339,0.9615474945022098,0.8749974489275294,0.8478077232502013,0.8613221499625197
ABIO,0.16666666666666666,2009-10-30,2.8,16.8,-0.02877697841726623,0.0036363636363636598,0.022222222222222143,-0.03157894736842126,-0.0950819672131149,-0.10389610389610393,-0.10679611650485443,-0.10967741935483888,-0.15337423312883436,-0.16867469879518082,-0.1636363636363637,-0.16616314199395776,-0.1711711711711712,-0.16867469879518082,-0.17365269461077848,-0.1785714285714286,-0.18584070796460184,-0.1455108359133127,-0.15337423312883436,-0.15596330275229364,-0.15596330275229364
ABIO,0.002778729397434433,1998-08-12,8.51,3062.550821917808,-0.05737687860994978,0.0144940594951537,0.0,0.04477681190159788,-0.01408574037703747,-0.01408574037703747,0.0,-0.027777178119959722,-0.0410964737516083,-0.13580341674159513,-0.14634100109668413,-0.11392305443752393,-0.06666666666666665,-0.034482758620689724,-0.13580341674159513,-0.15662695726847853,-0.1666657855364233,-0.1666657855364233,-0.1666657855364233,-0.11392305443752393,-0.125
ABIO,0.002775560387936176,2002-03-06,6.0,2161.7256198347104,0.06894352196264952,0.03242093696270998,0.018517739742349493,0.03951585212315423,0.13084034572563974,0.061403167059465025,0.04671398250146441,0.02891210248809295,0.035958708794342265,0.05768978819419157,0.010013298550133554,0.05217072299508607,-0.00819925742574279,-0.025766629867837065,-0.057633860054906005,-0.03200106581401563,-0.059098266894006546,-0.06636055630988547,0.0,-0.039681735475656676,-0.050234637455719766
ABIO,0.008336677733591157,2004-09-09,9.1,1091.5619256017503,0.056480184343545625,0.011057111502531525,-0.0010933343051861,0.017815200943212206,0.012177220565562141,0.009939478799156243,0.025814721595853074,0.040999639187982995,-0.011896607664299563,-0.005442868028593173,-0.016143940413694047,-0.019312133816360433,-0.023504787352482848,-0.011896607664299563,0.014424900765195092,0.0010957303042475885,0.0445702090359954,0.07656202437180237,0.1119157006521232,0.14392437553473414,0.1496822633753485
ABIO,0.008331473243253064,2006-08-09,16.29,1955.2364299065418,0.04749981504580947,-0.001865255980476932,-0.008640298061979634,-0.009863179860404303,-0.01773895840344264,-0.0237075628037563,-0.038323682108626134,-0.05529183299169271,-0.04970427044332304,-0.03369281701444615,-0.05194907455253206,-0.05529183299169271,-0.05417865454295512,-0.047448810565716815,-0.047448810565716815,-0.058063348947280935,0.003124300286914794,0.022928448161423143,0.02227705696622362,-0.00925211631231937,-0.05417865454295512
ABIO,0.002778047935042556,2001-07-02,11.11,3999.2110502692994,-0.10625272633853677,-0.03217234529880708,-0.05276398527890236,-0.13653854021545564,-0.1963891711205833,-0.1875910412382621,-0.21063727593768578,-0.20669892617768315,-0.2061335434467576,-0.13653854021545564,-0.17002107023549817,-0.14384444909409988,-0.16629035477271592,-0.20386234993041252,-0.24797177932058823,-0.2928831778914569,-0.29999930174668066,-0.337499421759042,-0.35515560651403777,-0.33193222710915626,-0.1875910412382621
ABIO,0.00833668830212394,2005-07-18,8.75,1049.5774440518258,0.0780877387317378,-0.01849495942481527,-0.012795781269690276,-0.024138063205503935,-0.02525890618120552,0.029092562651576337,0.04556421391977494,0.10402957405982027,0.11564037115344594,0.11564037115344594,0.12898541084652582,0.09831433409186507,0.06390380476797408,0.06792013590319002,0.08152970412693028,0.06792013590319002,0.08705955189308634,0.08429334980089864,0.09547884642277049,0.09973758949494083,0.11709666096266091
ABIO,0.002777816387518243,2000-09-14,38.81,13971.405804353266,-0.1091176306697873,0.024038464960007166,0.05794702838862498,0.0632276485001464,0.045826216520696406,0.003139298255643297,0.045826216520696406,-0.022935782931355675,-0.07391317219976035,-0.04769027332328235,0.003139298255643297,-0.018433450074424207,-0.06029424826152163,-0.04341305223633529,-0.024427616515778072,0.1093746747394253,0.16605861006526812,0.1309732941277264,0.11130419336028763,0.14107126996815245,0.1597092707428296
ABIO,0.16666666666666666,2009-01-30,4.56,27.36,0.14285714285714302,0.09782608695652195,0.1348314606741574,0.1481621826449413,0.01033677892630891,-0.09794581720750228,-0.09794581720750228,-0.09794581720750228,-0.12906007473411896,-0.21052631578947367,-0.1852648561441248,-0.1852648561441248,-0.21052631578947367,-0.21052631578947367,-0.21052631578947367,-0.21052631578947367,-0.21052631578947367,-0.21052631578947367,-0.23446184941889836,-0.21052631578947367,-0.1852648561441248
ABIO,0.008337675872850442,2009-01-13,0.31,37.180625000000006,-1.8544102511675042e-05,0.0,0.0,0.0,0.0,0.0,-0.030318342597271286,0.0,0.031997848884108615,0.031997848884108615,0.0,0.031997848884108615,-0.030318342597271286,-0.030318342597271286,0.0,0.031997848884108615,0.0,0.031997848884108615,0.06640733537093646,0.06640733537093646,0.06640733537093646
ABIO,0.16666666666666666,2010-04-14,4.96,29.76,-0.10474308300395241,-0.0020000000000000018,-0.031067961165048508,-0.05133079847908739,-0.06026365348399243,-0.029182879377431914,-0.021568627450980316,0.02886597938144342,0.002008032128514081,-0.08440366972477065,-0.10090090090090076,-0.12456140350877198,-0.3929440389294404,0.8830188679245283,0.8901515151515154,0.8481481481481483,0.7885304659498211,0.8211678832116787,0.8014440433212997,0.7885304659498211,0.7386759581881535
ABIO,0.002778875236137994,2001-11-01,9.12,3281.9033691756276,-0.048134247509692196,-0.08533781957649944,-0.017625283345020448,-0.05322599910729442,-0.011820711014291052,-0.11252508169043951,-0.09621443531593377,-0.05107840233890115,-0.10968933818095816,-0.09816549745948189,-0.07726218595004608,0.09567479083303021,-0.08131774954096527,-0.1049243853804801,-0.08232537733607115,-0.12000035059630576,-0.06382853075648731,-0.09425763653750152,-0.0071235026140386015,-0.058558586717343486,0.11466752523906809
ABIO,0.008332121828887113,2006-08-21,18.56,2227.5238386041433,0.054695610138282724,-0.021332977635498684,-0.02652691168015564,0.03089712666557376,0.06562353248740038,0.11482417532326106,0.10875927483742265,0.11482417532326106,0.14259017976256594,0.14045895659652952,0.13271786004672648,0.13132060731283612,0.12232182009157566,0.11550215131688968,0.0988019169329073,0.079414274365186,0.08579856846176215,0.10409309791332255,0.08323367733108933,0.079414274365186,0.08068618112903692
ABIO,0.008336705787130716,2007-08-24,2.08,249.4990291262136,-0.06371989057978433,-0.009619238476953895,0.08419990347066819,0.2638093289689034,0.3038201772899958,0.2875156315131304,0.3376278893520275,0.27951532725766337,0.2561000406669378,0.24848423605497194,0.20466068642745716,0.24848423605497194,0.09573854817968153,0.06734050364995037,-0.004832863471606941,-0.03739774055317491,-0.041876696393951085,-0.023706045041485546,-0.07206429081077026,-0.13809341100143013,-0.15573322399890666
ABIO,0.16666666666666666,2010-12-30,3.31,19.860000000000003,-0.009345794392523366,-0.024316109422492294,-0.044642857142857095,-0.044642857142857095,-0.024316109422492294,-0.024316109422492294,-0.04179104477611939,0.032154340836012985,0.03548387096774186,0.0490196078431373,0.032154340836012985,0.015822784810126667,0.012618296529968598,0.022292993630573354,-0.027272727272727226,0.006269592476489061,-0.08547008547008539,-0.08806818181818177,-0.09577464788732393,-0.12054794520547929,-0.12771739130434767
ABIO,0.0027765553110622124,1999-08-09,3.5,1260.5547550432277,-0.03268464635559387,-0.0826445674354419,0.06730490033648184,0.1443339559755339,0.06730490033648184,-0.008929350282709914,-0.0826445674354419,-0.07499925985137812,-0.12598171887347986,-0.12598171887347986,-0.0826445674354419,-0.0826445674354419,-0.12598171887347986,-0.14615316293973368,-0.0975622084542841,-0.0826445674354419,-0.24999849969693877,-0.2649005064378186,-0.2884593486677295,-0.2745104868718181,-0.2127658234226969
ABIO,0.002778917904171068,1998-01-26,8.51,3062.343075060533,-0.03026634382566573,0.0312528189293273,0.0,-0.07042244711592582,-0.08333153435987894,-0.0958897442838762,-0.10810583737915047,-0.13157879359811142,-0.13157879359811142,-0.1258271523607295,-0.10810583737915047,-0.10810583737915047,-0.10810583737915047,-0.11999881576220495,-0.1428554950299472,-0.13157879359811142,-0.1428554950299472,-0.03649630304346552,-0.08333153435987894,-0.0958897442838762,-0.13157879359811142
ABIO,0.16666666666666666,2010-08-24,3.33,19.98,0.03939393939393954,-0.017857142857142794,-0.051724137931034364,-0.06779661016949146,-0.07821229050279332,-0.04347826086956519,-0.05982905982905973,-0.05714285714285716,-0.07042253521126762,-0.08077994428969348,-0.11528150134048254,-0.12466843501326264,-0.11528150134048254,-0.13838120104438645,-0.1687657430730478,-0.12234042553191482,-0.12928759894459096,-0.11764705882352944,-0.08333333333333337,-0.11290322580645162,-0.108108108108108
ABIO,0.002778150722422465,1999-05-19,2.69,968.27,0.18477935568577863,0.0,0.0,-0.03371089267002647,-0.04444839190376093,-0.06522305783767601,-0.05494988141366619,-0.06522305783767601,-0.06522305783767601,-0.08511362025794866,-0.08511362025794866,-0.07527528674707995,-0.08511362025794866,-0.10416705216216715,-0.10416705216216715,0.0,-0.022729337195571242,0.0,-0.022729337195571242,0.023800964303840377,-0.04444839190376093
ABIO,0.0027755749405233942,2002-09-10,1.65,594.4714285714285,-0.05882114011343187,0.030667325080456997,-0.07182727105440723,-0.06146498790547661,-0.09189383823683861,-0.07692307692307698,-0.1557805765931629,-0.1557805765931629,-0.1384650421316329,-0.14721670400270515,-0.12500180701120356,-0.12042432609169518,-0.12500180701120356,-0.16000999195092847,-0.16000999195092847,-0.12954440865163375,-0.15152024895916572,-0.16000999195092847,-0.16000999195092847,-0.16000999195092847,-0.16000999195092847
ABIO,0.16666666666666669,2009-08-17,3.21,19.259999999999998,0.05714285714285694,-0.11666666666666681,-0.12154696132596687,-0.11666666666666681,-0.15873015873015883,-0.19289340101522856,-0.16753926701570698,-0.16315789473684217,-0.19289340101522856,-0.19696969696969713,-0.18461538461538463,-0.18461538461538463,-0.17616580310880836,-0.20500000000000007,-0.22439024390243922,-0.1740259740259742,-0.1191135734072023,-0.09401709401709402,-0.08882521489971362,-0.13586956521739135,-0.27727272727272734
ABIO,0.0027755419245607703,2002-08-21,1.99,716.9771000000001,7.99854705291203e-06,0.0,0.03626898297284864,0.01010695711902665,0.0,0.0,0.0,0.0,0.0,-0.09089991547127896,-0.10313153440207112,-0.13042743706707205,-0.06976323874932222,-0.05213033240815035,-0.00989309956305473,-0.0476077187417393,0.0,0.0,-0.0243842998145114,0.07526785447816886,0.11111453771664714
ABIO,0.002775533876012345,2003-05-09,1.31,471.98126865671645,0.007769921632622134,0.030787625168136268,-0.014694177432192368,-0.02898230088495568,-0.021880508114021646,-0.04284298176050738,-0.007401467957811714,-0.06292579724772429,-0.06292579724772429,0.015160435678539974,0.04688075980657902,0.07200905941913138,0.09837333636673873,0.15519345344914215,0.12606708028175584,0.14530056459647955,0.18583744749834197,0.15519345344914215,0.16523061327927024,0.17544372215323945,0.25234105470675217
ABIO,0.16666666666666666,2011-09-29,1.23,7.38,-0.06034482758620674,-0.024793388429751984,-0.024793388429751984,0.0,-0.01666666666666672,-0.024793388429751984,-0.07086614173228345,-0.10606060606060608,-0.0852713178294574,-0.07086614173228345,-0.15714285714285714,-0.1917808219178082,-0.13868613138686137,-0.05599999999999994,-0.032786885245901676,-0.04065040650406504,-0.008403361344537785,0.07272727272727275,0.026086956521739202,0.04424778761061954,0.10280373831775713
ABIO,0.002779019442740765,2002-01-09,8.9,3202.5684538653363,-0.04164640401857289,-0.0049684172780936064,-0.01354621710863635,-0.07398708162066936,0.00250460277208453,-0.01354621710863635,0.03756714196345734,0.030888320521247126,0.10482793471894136,0.12976229623713986,0.21547824621993827,0.2554858525040893,0.3045606802370522,0.29193433581491535,0.25156558998022405,0.16424612107569025,0.33278068469933,0.2554858525040893,0.24960921431509675,0.007548118381867752,0.055335534760238225
ABIO,0.008336610302791978,2007-02-15,3.23,387.44764150943394,0.05361234919897928,-0.015460458393557697,-0.009349435138293782,-0.015460458393557697,-0.05356788408098456,-0.05917028413575376,-0.045038053274584544,-0.04789836261980818,-0.061946685028526405,-0.07824468984848865,-0.09141795488650162,-0.0888135107374054,-0.09658243137626421,-0.05356788408098456,-0.08355957042981055,-0.08355957042981055,-0.11911414913516383,-0.13113297799644674,-0.128751541729478,-0.14972582586598915,-0.163156509148348
ABIO,0.008336694903859083,2005-11-16,8.24,988.4012903225806,0.10000403639188349,-0.01707994022020931,-0.023029506871463434,-0.03933823529411762,-0.0573133513392291,-0.040482334259626884,-0.03241593274619692,-0.04502217524866903,-0.03933823529411762,-0.01346925031377244,-0.03125250501002008,-0.015879317189360864,-0.040482334259626884,-0.040482334259626884,-0.015879317189360864,-0.028917235837685795,-0.04276237623762369,-0.03588950937375346,-0.0037097721581598186,0.0037375027252624093,-0.01707994022020931
ABIO,0.16666666666666669,2012-10-18,0.32,1.92,-0.11764705882352955,0.03125,0.03125,0.03125,0.09999999999999987,0.09999999999999987,0.06451612903225801,0.0,-0.05714285714285716,-0.02941176470588236,0.0,0.03125,0.0,-0.05714285714285716,-0.05714285714285716,-0.05714285714285716,-0.05714285714285716,-0.08333333333333337,-0.13157894736842102,-0.17499999999999993,-0.19512195121951215
ABIO,0.0027755749405233942,2002-09-03,2.0,720.5714285714286,-0.02731739077213835,-0.08542895797592642,-0.08542895797592642,-0.06667046230926887,-0.07615142933626384,-0.05208529092880376,-0.04712635326600301,-0.05208529092880376,-0.09001082461350585,-0.09001082461350585,-0.057006442705936466,-0.08081360303909613,-0.09001082461350585,-0.09001082461350585,-0.09001082461350585,-0.09001082461350585,-0.09001082461350585,-0.17272876373591695,-0.1838594045603903,-0.20869838051794454,-0.15349461671529263
ABIO,0.00833664152441445,2007-04-16,4.6,551.7809523809524,-0.020367486113542776,-0.04130269310232337,0.009156985062668044,-0.0045164568396093285,-0.18332973106493344,-0.22359209193782748,0.18549146161086472,0.2049337160038267,0.21822536443820084,0.2216012747384708,0.19838249286393905,0.2216012747384708,0.18231192168432342,0.14250232176410882,0.42719546742209635,0.42719546742209635,0.43649694501018366,0.40446037435284765,0.43183110028420635,0.4089492608869356,0.4506787330316744
ABIO,0.16666666666666666,2011-09-22,1.23,7.38,0.008547008547008517,-0.047244094488189003,-0.08333333333333337,-0.06201550387596899,-0.047244094488189003,-0.1357142857142858,-0.17123287671232879,-0.11678832116788329,-0.03200000000000003,-0.00819672131147553,-0.016260162601625994,0.01680672268907557,0.10000000000000009,0.052173913043478404,0.07079646017699126,0.13084112149532712,0.07079646017699126,0.03418803418803429,0.06140350877192979,0.0431034482758621,0.01680672268907557
ABIO,0.002778152463762101,2001-08-03,10.23,3682.303305322129,-0.07200242491645026,0.04085577899215931,0.06361705062767276,0.0018711602232919233,0.06999955591082685,0.09969192149703332,0.195529340255165,0.018076759546087118,0.02884440886042161,0.05940515154263237,0.05835811020422721,0.061508384503125235,0.061508384503125235,0.038833512531764036,0.06679875694926785,0.0009347056196578052,0.007532159340975175,0.06256167139825264,0.0732196198849131,0.0885044456930848,0.05314804140384033
ABIO,0.008336491095111786,2007-08-16,1.6,191.9272727272727,0.06252331015115953,-0.043444490472245634,-0.060949572997153534,-0.06664308811641062,-0.09940522620904846,-0.06664308811641062,-0.18083455279145066,-0.20206470562826673,-0.25602094240837714,-0.2803661862095833,-0.2837146180690191,-0.2701303832477283,-0.30628262420669217,-0.35564547071749986,-0.3688328549952168,-0.37650195760766847,-0.38887786158528526,-0.3864421416234889,-0.40994026894943636,-0.40994026894943636,-0.42749558372330876
ABIO,0.0027776121581696953,1998-03-19,13.76,4953.895366395263,-0.14797342755414367,-0.018181414464388035,-0.027027405481096167,-0.027027405481096167,-0.04845850312720701,-0.06896584727172494,-0.07692234699319245,-0.044247770221278016,-0.09243592422862767,-0.018181414464388035,0.0,-0.009173097137455843,-0.018181414464388035,-0.018181414464388035,0.01886748976710484,0.048543668390565564,0.048543668390565564,0.03846285233595381,0.03846285233595381,0.05882442578591851,0.05882442578591851
ABIO,0.16666666666666666,2011-03-24,2.58,15.48,-0.03599999999999981,-0.007722007722007707,-0.03383458646616544,-0.05860805860805851,-0.07220216606498198,-0.05514705882352944,-0.04814814814814816,-0.04814814814814816,-0.08865248226950362,-0.07220216606498198,-0.04104477611940294,-0.07885304659498205,-0.12286689419795216,-0.14617940199335544,-0.14046822742474918,-0.14046822742474918,-0.15181518151815176,-0.1655844155844156,-0.16828478964401294,-0.14046822742474918,-0.13758389261744963
ABIO,0.0027768277805285163,1998-09-30,4.94,1779.008419117647,-0.03375066707906127,0.09434246835513749,0.08750222044586553,0.11538943293099502,0.08750222044586553,0.1012693094686663,0.11538943293099502,0.11538943293099502,0.08750222044586553,0.12986983026604904,0.14473784161227554,0.1756794872564258,0.14473784161227554,0.14473784161227554,0.24285968050956064,0.22535308172481505,0.023531501596108617,-0.03333135960367506,-0.07446532085473079,-0.07446532085473079,-0.011359622119722634
ABIO,0.008336824465856724,2007-08-28,2.04,244.6974874371859,0.0841670420290963,-0.019712525667351266,-0.03399433427762044,-0.043286573146292584,0.047343249528322584,0.2208469721767592,0.25949767834529314,0.2437473947478117,0.2921561197423268,0.2360190555095274,0.21339975599837335,0.20604284559417962,0.16370904836193456,0.20604284559417962,0.058489645691987,0.031056973780830166,-0.038662907772855526,-0.07012076353720298,-0.07444746025591309,-0.05689450809956542,-0.10360884749708976
ABNK,1.1572327044025157,2011-07-18,9.2,7.949999999999999,0.0,0.0,0.0,0.0,0.0,0.0,0.0,0.0,0.0,0.0,0.0,0.0,0.0,0.0,0.0,0.0,0.0,0.0,0.0,0.0,0.0
ABNK,1.2157107231920201,2010-04-07,9.75,8.02,0.0,0.0,0.0,0.0,0.0,0.0,0.0,-0.0802752293577983,-0.0802752293577983,-0.0802752293577983,-0.0802752293577983,-0.0802752293577983,-0.0802752293577983,-0.0348977135980747,-0.0348977135980747,-0.07175925925925941,-0.07175925925925941,-0.07175925925925941,-0.0348977135980747,-0.0348977135980747,-0.0348977135980747
ABNK,1.2759170653907497,2009-07-24,8.0,6.27,-0.11063829787234047,-0.11063829787234047,-0.11063829787234047,-0.11063829787234047,-0.11063829787234047,-0.11063829787234047,-0.11063829787234047,-0.11063829787234047,-0.0913043478260871,-0.0913043478260871,-0.1351724137931034,-0.1351724137931034,-0.08600583090379021,-0.08600583090379021,-0.08600583090379021,-0.08064516129032284,-0.08064516129032284,-0.08064516129032284,-0.08064516129032284,-0.08064516129032284,-0.15725806451612911
ABNK,1.2755102040816326,2008-10-06,10.0,7.84,0.0,0.0,0.0,0.380281690140845,0.380281690140845,-0.06888361045130642,0.20615384615384613,0.20615384615384613,0.20615384615384613,0.20615384615384613,0.20615384615384613,0.2503987240829346,0.17717717717717707,0.17717717717717707,0.17717717717717707,0.11205673758865253,0.11205673758865253,0.2503987240829346,0.2503987240829346,0.2503987240829346,0.2503987240829346
ABNK,1.2773722627737225,2008-11-12,7.25,5.675714285714286,0.03649635036496335,0.0,0.0,0.0,0.0,0.0,0.0,0.0,0.0,0.0,0.0,0.0,0.0,0.0,0.0,0.0,0.0,0.0,0.0,0.0,-0.30102040816326525
ABNK,1.2755102040816326,2009-12-04,10.0,7.84,0.0813793103448277,0.0,0.0,0.0,0.0,0.0,0.0,0.0,0.042553191489361764,0.042553191489361764,0.0,0.053763440860215006,0.053763440860215006,0.053763440860215006,0.053763440860215006,0.053763440860215006,0.0,0.0,0.0,0.0,0.0
ABNK,1.215819209039548,2010-02-17,10.76,8.85,-0.0610169491525423,0.0,0.0,0.0,0.0,0.0,0.08588957055214719,0.19594594594594605,0.19594594594594605,0.12882653061224492,0.12882653061224492,0.12882653061224492,0.21399176954732524,0.21399176954732524,0.21399176954732524,0.12882653061224492,0.12882653061224492,0.12882653061224492,0.12882653061224492,0.12882653061224492,0.12882653061224492
ABNK,1.274787535410765,2008-07-10,4.35,3.4123333333333328,0.1208791208791209,-0.011204481792717269,-0.36964285714285716,-0.3828671328671329,-0.3828671328671329,-0.3828671328671329,-0.3828671328671329,-0.374113475177305,-0.374113475177305,-0.306483300589391,-0.4297253634894993,-0.4297253634894993,-0.4057239057239058,-0.3785211267605634,-0.499290780141844,-0.499290780141844,-0.499290780141844,-0.499290780141844,-0.499290780141844,-0.499290780141844,-0.499290780141844
ABNK,1.2755102040816326,2008-12-04,10.0,7.84,0.0,0.0,0.0,0.0,0.0,0.0,0.380281690140845,0.380281690140845,0.380281690140845,0.5047984644913628,0.380281690140845,0.380281690140845,0.43065693430656915,0.43065693430656915,0.43065693430656915,0.43065693430656915,0.43065693430656915,0.43065693430656915,0.43065693430656915,0.43065693430656915,0.43065693430656915
ABNK,1.2158956109134045,2010-08-19,10.25,8.43,0.0,0.0,0.0,0.0,0.0,0.0,0.0,0.0,0.0,0.0,0.0,0.0,0.0,0.0,0.0,0.0,0.0,0.0,0.0,0.0,0.0
ABNK,1.1025641025641026,2013-01-15,6.4,5.804651162790697,-0.006791171477079749,0.008620689655172153,-0.006791171477079749,-0.006791171477079749,0.008620689655172153,0.008620689655172153,0.008620689655172153,0.008620689655172153,0.008620689655172153,0.015625,0.015625,0.015625,0.015625,0.013864818024263537,0.013864818024263537,0.013864818024263537,-0.008474576271186529,-0.008474576271186529,-0.008474576271186529,0.0068846815834768815,-0.005102040816326592
ABNK,1.2759170653907497,2008-01-23,8.01,6.2778374999999995,0.062200956937799035,-0.08600583090379021,-0.08600583090379021,-0.08600583090379021,-0.08600583090379021,-0.08600583090379021,-0.02941176470588236,-0.02941176470588236,-0.02941176470588236,-0.09523809523809523,-0.13397790055248626,-0.13397790055248626,-0.13397790055248626,-0.13397790055248626,-0.13397790055248626,-0.11565585331452743,-0.11565585331452743,-0.11565585331452743,-0.11565585331452743,-0.11565585331452743,-0.11565585331452743
ABNK,1.2155963302752293,2010-07-02,10.6,8.72,0.0,0.0,-0.013574660633484115,-0.013574660633484115,-0.013574660633484115,-0.013574660633484115,-0.013574660633484115,-0.013574660633484115,-0.013574660633484115,-0.013574660633484115,-0.013574660633484115,-0.013574660633484115,-0.013574660633484115,0.0,0.004608294930875667,-0.03539823008849541,-0.013574660633484115,-0.013574660633484115,-0.013574660633484115,0.004608294930875667,-0.03646408839779003
ABNK,1.2770137524557956,2009-03-05,6.5,5.09,0.11591355599214137,0.0,0.0,0.0,0.0,0.03877551020408143,0.03877551020408143,0.03877551020408143,0.03877551020408143,0.03877551020408143,0.03877551020408143,0.03877551020408143,-0.07116788321167888,-0.07116788321167888,-0.07116788321167888,-0.35076530612244894,-0.35076530612244894,-0.35076530612244894,-0.35076530612244894,-0.35076530612244894,-0.35076530612244894
ABNK,1.276315789473684,2007-09-04,9.7,7.6000000000000005,0.021505376344086002,0.0,0.0,0.0,0.0,0.0,0.0,0.0,0.0,-0.02564102564102555,-0.02564102564102555,0.0,0.0,0.0,-0.005235602094240788,-0.005235602094240788,-0.005235602094240788,-0.005235602094240788,-0.005235602094240788,0.07801418439716312,-0.005235602094240788
ABNK,1.2158956109134045,2010-08-13,10.25,8.43,0.0,0.0,0.0,0.0,0.0,0.0,0.0,0.0,0.0,0.0,0.0,0.0,0.0,0.0,0.0,0.0,0.0,0.0,0.0,0.0,0.0
ABNK,1.0500695410292071,2013-07-10,7.55,7.19,0.013908205841446364,0.0,-0.0257452574525745,-0.019099590723055893,-0.019099590723055893,-0.019099590723055893,-0.05643044619422566,-0.05643044619422566,-0.05643044619422566,-0.05643044619422566,-0.05643044619422566,-0.05643044619422566,-0.05766710353866311,-0.08987341772151902,-0.08987341772151902,-0.08987341772151902,-0.1600467289719626,-0.05643044619422566,-0.03230148048452208,-0.05643044619422566,-0.05643044619422566
ABNK,1.2768817204301075,2009-08-24,9.5,7.44,-0.06866157959229147,0.026206896551724368,0.055319148936170404,0.055319148936170404,0.055319148936170404,0.11711711711711725,0.055319148936170404,0.055319148936170404,0.11711711711711725,0.11711711711711725,0.11711711711711725,0.11711711711711725,0.18660287081339733,0.18660287081339733,0.18660287081339733,0.18660287081339733,0.18660287081339733,0.18660287081339733,0.055319148936170404,0.055319148936170404,0.055319148936170404
ABNK,1.0494117647058823,2013-09-05,8.8,8.385650224215247,0.028395913154534158,0.020408163265306145,0.020408163265306145,0.07594936708860756,0.0691823899371069,0.0625,0.0625,0.0625,0.09536082474226815,0.07594936708860756,0.05590062111801242,0.10821382007822677,0.09536082474226815,0.09536082474226815,0.09536082474226815,0.09536082474226815,0.09536082474226815,0.11548556430446189,0.11548556430446189,0.11548556430446189,0.1440107671601616
ABNK,1.1571254567600486,2012-01-20,9.5,8.21,0.0,0.0,0.0,0.0,0.0,0.0,0.0,0.0,0.0,0.0,0.0,0.0,0.0,0.0,0.05662805662805681,0.1185286103542238,0.1185286103542238,0.1185286103542238,0.1185286103542238,0.05662805662805681,0.05662805662805681
ABNK,1.2762762762762763,2008-01-28,8.5,6.66,-0.05855855855855863,0.062200956937799035,0.062200956937799035,0.062200956937799035,-0.029154518950437303,-0.029154518950437303,-0.029154518950437303,-0.029154518950437303,-0.029154518950437303,0.03095975232198156,0.03095975232198156,0.03095975232198156,-0.03896103896103886,-0.08011049723756902,-0.08011049723756902,-0.08011049723756902,-0.08011049723756902,-0.08011049723756902,-0.06064880112834958,-0.06064880112834958,-0.06064880112834958
ABNK,1.101867572156197,2012-10-31,6.4,5.8083204930662555,0.0,0.001700680272108901,0.015517241379310098,0.01551724137931032,0.01551724137931032,0.01551724137931032,0.0,0.0,0.0,0.0,0.01551724137931032,0.01551724137931032,0.020797227036395416,-0.0016949152542373724,-0.0016949152542373724,-0.0016949152542373724,-0.0016949152542373724,-0.0016949152542373724,0.0034071550255536653,-0.0016949152542373724,-0.0016949152542373724
ABNK,1.1571254567600486,2012-01-04,9.5,8.21,0.0,0.0,0.0,0.05662805662805681,0.1185286103542238,0.1185286103542238,0.1185286103542238,0.1185286103542238,0.05662805662805681,0.05662805662805681,0.05662805662805681,0.05662805662805681,0.05662805662805681,0.05662805662805681,0.05662805662805681,0.05662805662805681,0.05662805662805681,0.05662805662805681,0.05662805662805681,0.05662805662805681,0.05662805662805681
ABNK,1.276315789473684,2007-10-11,9.7,7.6000000000000005,0.08444444444444454,0.010638297872340496,0.010638297872340496,0.021505376344086002,0.0966810966810967,0.0966810966810967,0.0966810966810967,0.0966810966810967,0.07801418439716312,0.07801418439716312,0.07801418439716312,0.10144927536231885,0.10144927536231885,0.0,0.0,0.0,0.0,0.0,0.0,0.0,0.0
ABNK,1.2151162790697674,2010-07-09,10.45,8.6,-0.019767441860465085,0.0,0.0,0.0,-0.013761467889908396,-0.013761467889908396,-0.02714932126696834,-0.02714932126696834,-0.02714932126696834,-0.02714932126696834,-0.02714932126696834,-0.02714932126696834,-0.02714932126696834,-0.02714932126696834,-0.02714932126696834,-0.02714932126696834,-0.02714932126696834,-0.013761467889908396,-0.009216589861751112,-0.04867256637168138,-0.02714932126696834
ABNK,1.1029411764705883,2012-04-25,7.5,6.8,-0.021033496732026036,0.0,-0.03271692745376964,-0.03271692745376964,0.033434650455927084,0.033434650455927084,0.033434650455927084,0.033434650455927084,0.033434650455927084,0.033434650455927084,0.033434650455927084,0.01644245142002987,0.01644245142002987,0.01644245142002987,0.01644245142002987,0.01644245142002987,0.01644245142002987,0.01644245142002987,0.01644245142002987,0.08626198083067083,0.08626198083067083
ABNK,1.276315789473684,2007-09-11,9.7,7.6000000000000005,0.0,0.0,0.021505376344086002,0.021505376344086002,0.021505376344086002,0.0,0.0,0.0,0.0,0.0,0.0,0.0,0.0,0.0,-0.02564102564102555,-0.02564102564102555,0.0,0.0,0.0,-0.005235602094240788,-0.005235602094240788
ABNK,1.2765957446808511,2009-07-17,9.0,7.05,0.0,0.0,0.0,0.021739130434782483,0.021739130434782483,-0.027586206896551668,-0.027586206896551668,0.027696793002915276,0.027696793002915276,0.027696793002915276,0.03372434017595283,0.03372434017595283,0.03372434017595283,0.03372434017595283,0.03372434017595283,-0.05241935483870974,-0.05241935483870974,-0.05241935483870974,-0.05241935483870974,-0.05241935483870974,-0.05241935483870974
ABNK,1.276243093922652,2007-02-12,11.55,9.05,0.0,0.0,0.0,0.0,0.0,-0.017372421281216077,-0.017372421281216077,-0.017372421281216077,-0.08308004052684892,-0.08308004052684892,-0.08308004052684892,-0.08308004052684892,-0.08308004052684892,-0.08308004052684892,-0.08308004052684892,-0.08308004052684892,-0.08308004052684892,-0.08308004052684892,-0.08308004052684892,-0.08308004052684892,-0.08308004052684892
ABNK,1.21570796460177,2010-11-24,10.99,9.04,0.0,0.0,0.0,0.0,0.0,0.0,0.0,0.0,0.0,0.0,-0.044397463002114335,-0.044397463002114335,-0.044397463002114335,-0.044397463002114335,-0.044397463002114335,-0.044397463002114335,-0.044397463002114335,-0.044397463002114335,-0.044397463002114335,-0.044397463002114335,-0.044397463002114335
ABNK,1.0,2014-02-19,9.15,9.15,-0.005464480874317057,-0.010810810810810811,0.015538290788013276,-0.03072033898305071,-0.03072033898305071,-0.03072033898305071,-0.03072033898305071,-0.009740259740259716,0.04571428571428582,0.04571428571428582,0.061484918793503596,0.061484918793503596,0.061484918793503596,0.061484918793503596,0.0676779463243875,0.0676779463243875,0.0676779463243875,0.04452054794520577,0.04452054794520577,0.04452054794520577,0.04452054794520577
ABNK,1.2765957446808511,2009-09-29,9.0,7.05,0.0,0.0,0.0,0.0,-0.05241935483870974,-0.05241935483870974,-0.05241935483870974,-0.05241935483870974,-0.05241935483870974,-0.05241935483870974,0.027696793002915276,0.0,0.0,0.021739130434782483,0.03372434017595283,0.03372434017595283,0.03372434017595283,0.03372434017595283,0.027696793002915276,0.027696793002915276,0.027696793002915276
ABNK,1.2761780104712042,2009-08-27,9.75,7.640000000000001,0.0,0.0,0.0,0.026881720430107503,0.05379310344827615,0.08368794326241136,0.08368794326241136,0.08368794326241136,0.14714714714714727,0.08368794326241136,0.08368794326241136,0.14714714714714727,0.14714714714714727,0.14714714714714727,0.14714714714714727,0.21850079744816608,0.21850079744816608,0.21850079744816608,0.21850079744816608,0.21850079744816608,0.21850079744816608
ABNK,1.2755102040816326,2009-01-30,10.0,7.84,0.0,0.0,0.0,0.0,0.0,0.0,0.0,0.0,0.0,0.0,0.0,0.0,0.0,0.0,0.0,0.0,0.0,0.0,0.0,0.0,0.0
ABNK,1.2765957446808511,2008-06-16,9.0,7.05,-0.08319882611885554,0.0,0.0,0.0,0.0,0.0,0.0,0.0,0.0,0.0,0.0,0.0,0.0,0.0,0.0,0.0,0.0,0.0,0.0,0.0,0.0
ABNK,1.1574074074074074,2011-09-07,8.75,7.56,0.0,0.0,0.0,0.0,0.0,0.0,-0.053817271589486904,-0.053817271589486904,-0.053817271589486904,-0.053817271589486904,-0.053817271589486904,-0.053817271589486904,-0.053817271589486904,-0.053817271589486904,0.0,0.0,0.060308555399719355,0.060308555399719355,-0.027027027027026973,-0.027027027027026973,-0.027027027027026973
ABNK,1.0496453900709222,2013-05-01,7.3,6.954729729729729,0.0,0.014388489208633004,0.014388489208633004,0.014388489208633004,0.014388489208633004,0.020260492040520717,0.020260492040520717,0.020260492040520717,0.020260492040520717,0.014388489208633004,0.014388489208633004,0.014388489208633004,0.014388489208633004,0.0,0.0,0.021739130434782483,0.021739130434782483,0.021739130434782483,0.021739130434782483,0.0,0.021739130434782483
ABNK,1.101867572156197,2012-11-01,6.49,5.89,-0.006791171477079749,0.0,0.001700680272108901,0.015517241379310098,0.01551724137931032,0.01551724137931032,0.01551724137931032,0.0,0.0,0.0,0.0,0.01551724137931032,0.01551724137931032,0.020797227036395416,-0.0016949152542373724,-0.0016949152542373724,-0.0016949152542373724,-0.0016949152542373724,-0.0016949152542373724,0.0034071550255536653,-0.0016949152542373724
ABNK,1.1029411764705883,2012-04-24,7.5,6.8,-0.03323728139904625,-0.03271692745376964,-0.03271692745376964,0.033434650455927084,0.033434650455927084,0.033434650455927084,0.033434650455927084,0.033434650455927084,0.033434650455927084,0.033434650455927084,0.01644245142002987,0.01644245142002987,0.01644245142002987,0.01644245142002987,0.01644245142002987,0.01644245142002987,0.01644245142002987,0.01644245142002987,0.08626198083067083,0.08626198083067083,0.08626198083067083
ABNK,1.2755102040816326,2008-12-10,10.0,7.84,0.0,0.0,0.0,0.0,0.0,0.0,0.0,0.0,0.0,0.0,0.380281690140845,0.380281690140845,0.380281690140845,0.5047984644913628,0.380281690140845,0.380281690140845,0.43065693430656915,0.43065693430656915,0.43065693430656915,0.43065693430656915,0.43065693430656915
ABNK,1.2759170653907497,2008-09-09,8.0,6.27,0.12440191387559807,0.0,0.0,0.0,-0.05855855855855863,-0.05855855855855863,-0.05855855855855863,-0.05855855855855863,-0.05855855855855863,-0.05855855855855863,-0.05855855855855863,-0.08600583090379021,-0.08600583090379021,-0.13037447988904305,-0.13037447988904305,-0.13037447988904305,-0.13037447988904305,0.23182711198428296,0.23182711198428296,0.23182711198428296,0.23182711198428296
ABNK,1.1022927689594357,2012-07-26,6.25,5.669999999999999,0.02292768959435665,0.0,0.025316455696202222,0.025316455696202222,-0.022413793103448598,-0.01562500000000011,-0.04545454545454586,-0.04545454545454586,-0.022413793103448598,-0.07352941176470595,-0.0534223706176965,-0.0534223706176965,-0.0534223706176965,-0.0869565217391306,-0.0869565217391306,-0.08103727714748798,-0.08103727714748798,-0.0869565217391306,-0.0869565217391306,-0.0869565217391306,-0.1070866141732284
ABNK,1.0500695410292071,2013-07-10,7.55,7.19,0.013908205841446364,0.0,-0.0257452574525745,-0.019099590723055893,-0.019099590723055893,-0.019099590723055893,-0.05643044619422566,-0.05643044619422566,-0.05643044619422566,-0.05643044619422566,-0.05643044619422566,-0.05643044619422566,-0.05766710353866311,-0.08987341772151902,-0.08987341772151902,-0.08987341772151902,-0.1600467289719626,-0.05643044619422566,-0.03230148048452208,-0.05643044619422566,-0.05643044619422566
ABNK,1.2755102040816326,2010-01-15,10.0,7.84,0.0,0.0,0.0,0.0,-0.0473876063183476,-0.0473876063183476,0.0,0.053763440860215006,0.0,0.0,0.0,0.0,0.0,0.0,0.0,0.0,0.0,0.053763440860215006,0.053763440860215006,0.0,0.0813793103448277
ABNK,1.1583011583011584,2011-10-20,8.5,7.338333333333333,0.0,0.12445730824891443,0.0,0.0,0.0,0.0,0.0,0.0,0.0,0.0,-0.027534418022528206,-0.027534418022528206,-0.027534418022528206,-0.027534418022528206,-0.027534418022528206,-0.027534418022528206,-0.027534418022528206,-0.027534418022528206,-0.027534418022528206,-0.027534418022528206,-0.027534418022528206
ABNK,1.2765957446808511,2008-03-07,9.2,7.206666666666666,0.0,-0.02219140083217752,-0.02219140083217752,-0.02219140083217752,-0.02219140083217752,-0.02219140083217752,-0.02219140083217752,-0.05241935483870974,-0.05241935483870974,-0.05241935483870974,-0.05241935483870974,-0.10076530612244894,-0.10076530612244894,-0.10076530612244894,-0.10076530612244894,-0.10076530612244894,-0.10076530612244894,-0.027586206896551668,-0.011220196353436185,-0.011220196353436185,0.03372434017595283
ABNK,1.1583011583011584,2011-09-08,9.0,7.77,0.0,0.02777777777777768,0.02777777777777768,0.02777777777777768,0.02777777777777768,0.02777777777777768,0.02777777777777768,-0.027534418022528206,-0.027534418022528206,-0.027534418022528206,-0.027534418022528206,-0.027534418022528206,-0.027534418022528206,-0.027534418022528206,-0.027534418022528206,0.02777777777777768,0.02777777777777768,0.08976157082748948,0.08976157082748948,0.0,0.0
ABNK,1.2158956109134045,2010-08-11,10.25,8.43,0.0,0.0,0.0,0.0,0.0,0.0,0.0,0.0,0.0,0.0,0.0,0.0,0.0,0.0,0.0,0.0,0.0,0.0,0.0,0.0,0.0
ABNK,1.0,2014-02-06,8.75,8.75,0.026086956521739202,0.0,0.015081206496519783,0.015081206496519783,0.015081206496519783,0.015081206496519783,0.02100350058343059,0.02100350058343059,0.02100350058343059,-0.0011415525114153446,-0.0011415525114153446,-0.0011415525114153446,-0.0011415525114153446,-0.01241534988713311,0.03062426383981154,0.03062426383981154,0.03062426383981154,0.03062426383981154,0.02100350058343059,0.02100350058343059,0.02100350058343059
ABNK,1.276315789473684,2007-09-18,9.7,7.6000000000000005,0.0,0.0,0.0,0.0,0.0,0.0,0.0,0.021505376344086002,0.021505376344086002,0.021505376344086002,0.0,0.0,0.0,0.0,0.0,0.0,0.0,0.0,0.0,-0.02564102564102555,-0.02564102564102555
ACMT,1.0,2013-02-19,22.0,22.0,0.0,0.0,0.0,0.0,0.0,0.0,0.0,0.0,0.0,0.0,0.0,0.0,0.0,0.0,-0.022222222222222254,-0.022222222222222254,-0.022222222222222254,-0.022222222222222254,-0.022222222222222254,-0.022222222222222254,-0.022222222222222254
ACMT,1.0,2012-10-23,34.0,34.0,0.0,0.0,0.0,0.0,0.0,0.0,0.0,0.0,0.0,0.0,0.0,0.0,0.0,0.0,0.0,0.0,0.0,0.0,0.0,0.0,0.0
ACMT,1.0,2012-08-03,34.0,34.0,0.0,0.0,0.0,0.0,0.0,0.0,0.0,0.0,0.0,0.0,0.0,0.0,0.0,0.0,0.0,0.0,0.0,0.0,0.0,0.0,0.0
ACMT,1.0,2010-10-18,24.75,24.75,0.0,0.0,0.0,0.0,0.0,0.0,0.0,0.0,0.0,0.0,0.0,0.0,0.0,0.0,0.0,0.0,0.0,0.0,0.0,0.0,0.0
ACMT,1.0,2012-08-09,34.0,34.0,0.0,0.0,0.0,0.0,0.0,0.0,0.0,0.0,0.0,0.0,0.0,0.0,0.0,0.0,0.0,0.0,0.0,0.0,0.0,0.0,0.0
ACMT,1.0,2012-06-28,34.0,34.0,0.0,0.0,0.0,0.0,0.0,0.0,0.0,0.0,0.0,0.0,0.0,0.0,0.0,0.0,0.0,0.0,0.0,0.0,0.0,0.0,0.0
ACMT,1.0,2010-08-24,24.75,24.75,0.0,0.0,0.0,0.0,0.0,0.0,0.0,0.0,0.0,0.0,0.0,0.0,0.0,0.0,0.0,0.0,0.0,0.0,0.0,0.0,0.0
ACMT,1.0,2014-02-27,25.0,25.0,0.0,0.0,0.0,0.0,0.0,0.0,0.0,0.0,0.0,0.0,0.0,0.0,0.0,0.0,0.0,0.0,0.0,0.0,0.0,-0.16666666666666663,-0.16666666666666663
ACMT,1.0,2012-11-12,34.0,34.0,0.0,0.0,0.0,0.0,0.0,0.0,0.0,0.0,0.0,0.0,0.0,0.0,0.0,0.0,0.0,0.0,0.0,0.0,0.0,0.0,0.0
ACMT,1.0,2011-02-28,25.0,25.0,0.0,0.0,0.0,0.0,0.0,0.0,0.0,0.0,0.0,0.0,0.0,0.0,0.0,0.0,0.0,0.0,0.0,0.0,0.0,0.0,0.0
ACMT,1.0,2010-02-25,25.0,25.0,0.0,0.030927835051546282,0.030927835051546282,0.030927835051546282,0.030927835051546282,0.030927835051546282,0.030927835051546282,0.030927835051546282,0.030927835051546282,0.030927835051546282,0.030927835051546282,0.030927835051546282,0.030927835051546282,0.0,0.0,0.0,0.0,0.0,0.0,0.0,0.0
ACMT,1.0,2012-12-14,21.96,21.96,0.03571428571428581,-0.07692307692307687,-0.07692307692307687,-0.0117647058823529,-0.0117647058823529,-0.0117647058823529,-0.0117647058823529,-0.0117647058823529,-0.0117647058823529,0.012048192771084265,0.012048192771084265,0.012048192771084265,0.012048192771084265,0.012048192771084265,0.012048192771084265,-0.38235294117647056,-0.38235294117647056,-0.38235294117647056,-0.38235294117647056,-0.38235294117647056,-0.38235294117647056
ACMT,1.0,2013-05-17,23.25,23.25,0.0,0.0,0.0,0.0,0.0,0.0,0.0,0.0,0.0,0.0,0.0,0.0,0.0,0.0,0.0,0.0,0.0,0.0,0.0,0.0,0.0
ACMT,1.0,2011-10-06,24.5,24.5,0.0,0.0,0.0,0.0,0.0,0.0,0.0,0.0,0.0,0.0,0.0,0.0,0.0,0.0,0.0,0.0,0.0,0.0,0.0,0.0,0.0
ACMT,1.0,2011-01-20,25.0,25.0,0.0,0.0,0.0,0.0,0.0,0.0,0.0,0.0,0.0,0.0,0.0,0.0,0.0,0.0,0.0,0.0,0.0,0.0,0.0,0.0,0.0
ACMT,1.0,2013-09-26,25.0,25.0,0.0,0.0,0.0,0.0,0.0,0.0,0.0,0.0,0.0,0.0,0.0,0.0,0.0,0.0,0.0,0.0,0.0,0.0,0.0,0.0,0.0
ACMT,1.0,2011-07-14,25.26,25.26,0.0,0.0,0.0,0.0,0.0,0.0,0.0,0.0,0.0,0.0,0.0,0.0,0.0,0.0,0.0,0.0,0.0,0.0,0.0,0.0,0.0
ACMT,1.0,2011-01-25,25.0,25.0,0.0,0.0,0.0,0.0,0.0,0.0,0.0,0.0,0.0,0.0,0.0,0.0,0.0,0.0,0.0,0.0,0.0,0.0,0.0,0.0,0.0
ACMT,1.0,2013-04-29,23.25,23.25,0.0,0.0,0.0,0.0,0.0,0.0,0.0,0.0,0.0,0.0,0.0,0.0,0.0,0.0,0.0,0.0,0.0,0.0,0.0,0.0,0.0
ACMT,1.0,2010-12-15,24.6,24.6,0.016260162601625883,0.0,0.0,0.0,0.0,0.0,0.0,0.0,0.0,0.0,0.0,0.0,0.0,0.0,0.0,0.0,0.0,0.0,0.0,0.0,0.0
ACMT,1.0,2013-10-01,25.0,25.0,0.0,0.0,0.0,0.0,0.0,0.0,0.0,0.0,0.0,0.0,0.0,0.0,0.0,0.0,0.0,0.0,0.0,0.0,0.0,0.0,0.0
ACMT,1.0,2010-03-24,24.7,24.7,0.0,0.0,0.0,0.0,0.0,0.0,0.0,-0.01200000000000001,-0.01200000000000001,-0.01200000000000001,-0.01200000000000001,-0.01200000000000001,-0.01200000000000001,-0.01200000000000001,-0.01200000000000001,-0.01200000000000001,-0.01200000000000001,-0.01200000000000001,-0.01200000000000001,-0.01200000000000001,0.01855670103092777
ACMT,1.0,2012-08-08,34.0,34.0,0.0,0.0,0.0,0.0,0.0,0.0,0.0,0.0,0.0,0.0,0.0,0.0,0.0,0.0,0.0,0.0,0.0,0.0,0.0,0.0,0.0
ACMT,1.0,2013-03-18,22.0,22.0,0.05681818181818188,0.0,0.0,0.0,0.0,0.0,0.0,0.0,0.0,0.0,0.0,0.0,0.0,0.0,0.0,0.0,0.0,0.0,0.0,0.0,0.0
ACMT,1.0,2014-03-14,25.0,25.0,0.0,0.0,0.0,0.0,0.0,0.0,0.0,0.0,0.0,0.0,0.0,0.0,0.0,0.0,0.0,0.0,0.0,0.0,0.0,0.0,0.0
ACMT,1.0,2012-03-13,24.5,24.5,0.0,0.0,0.0,0.0,0.0,0.0,0.0,0.0,0.0,0.0,0.0,0.0,0.0,0.0,0.0,0.0,0.0,0.0,0.0,0.0,0.0
ACMT,1.0,2013-11-15,25.25,25.25,0.0,0.0,0.0,0.0,0.0,0.0,0.0,0.0,0.0,0.0,0.0,0.0,0.0,0.0,0.0,0.0,0.0,0.0,0.0,0.0,0.0
ACMT,1.0,2012-09-12,34.0,34.0,0.0,0.0,0.0,0.0,0.0,0.0,0.0,0.0,0.0,0.0,0.0,0.0,0.0,0.0,0.0,0.0,0.0,0.0,0.0,0.0,0.0
ACMT,1.0,2013-06-18,23.25,23.25,0.0,0.0,0.0,0.0,0.0,0.0,0.0,0.0,0.0,0.0,0.0,0.0,0.0,0.0,0.0,0.0,0.0,0.0,0.0,0.0,0.0
ACMT,1.0,2011-12-20,24.5,24.5,0.0,0.0,0.0,0.0,0.0,0.0,0.0,0.0,0.0,0.0,0.0,0.0,0.0,0.0,0.0,0.0,0.0,0.0,0.0,0.0,0.0
ACMT,1.0,2010-05-27,24.35,24.35,0.0,0.0,0.0,0.0,0.0,0.0,0.0,0.0,0.0,0.0,0.0,0.0,0.0,0.0,0.0,0.0,0.0,0.0,0.0,0.0,0.0
ACMT,1.0,2011-10-26,24.5,24.5,0.0,0.0,0.0,0.0,0.0,0.0,0.0,0.0,0.0,0.0,0.0,0.0,0.0,0.0,0.0,0.0,0.0,0.0,0.0,0.0,0.0
ACMT,1.0,2012-09-11,34.0,34.0,0.0,0.0,0.0,0.0,0.0,0.0,0.0,0.0,0.0,0.0,0.0,0.0,0.0,0.0,0.0,0.0,0.0,0.0,0.0,0.0,0.0
ACMT,1.0,2013-03-14,22.0,22.0,0.0,0.0,0.0,0.0,0.0,0.0,0.0,0.0,0.0,0.0,0.0,0.0,0.0,0.0,0.0,0.0,0.0,0.0,0.0,0.0,0.0
ACMT,1.0,2013-09-20,25.0,25.0,0.0,0.0,0.0,0.0,0.0,0.0,0.0,0.0,0.0,0.0,0.0,0.0,0.0,0.0,0.0,0.0,0.0,0.0,0.0,0.0,0.0
ACMT,1.0,2011-11-09,24.5,24.5,0.0,0.0,0.0,0.0,0.0,0.0,0.0,0.0,0.0,0.0,0.0,0.0,0.0,0.0,0.0,0.0,0.0,0.0,0.0,0.0,0.0
ACMT,1.0,2012-01-04,24.5,24.5,0.0,0.0,0.0,0.0,0.0,0.0,0.0,0.0,0.0,0.0,0.0,0.0,0.0,0.0,0.0,0.0,0.0,0.0,0.0,0.0,0.0
ACMT,1.0,2010-06-04,24.35,24.35,0.0,0.0,0.0,0.0,0.0,0.0,0.0,0.0,0.0,0.0,0.0,0.0,0.0,0.0,0.0,0.0,0.0,0.0,0.0,0.0,0.0
ACMT,1.0,2012-11-08,34.0,34.0,0.0,0.0,0.0,0.0,0.0,0.0,0.0,0.0,0.0,0.0,0.0,0.0,0.0,0.0,0.0,0.0,0.0,0.0,0.0,0.0,0.0
ACMT,1.0,2010-11-03,24.6,24.6,0.0,-0.006060606060605989,-0.006060606060605989,-0.006060606060605989,-0.006060606060605989,-0.006060606060605989,-0.006060606060605989,-0.006060606060605989,-0.006060606060605989,-0.006060606060605989,-0.006060606060605989,-0.006060606060605989,-0.006060606060605989,-0.006060606060605989,-0.006060606060605989,-0.006060606060605989,-0.006060606060605989,-0.006060606060605989,-0.006060606060605989,-0.006060606060605989,-0.006060606060605989
ACMT,1.0,2014-03-21,25.0,25.0,0.0,0.0,0.0,0.0,0.0,0.0,0.0,0.0,0.0,0.0,0.0,0.0,0.0,0.0,0.0,0.0,0.0,0.0,0.0,0.0,0.0
ACMT,1.0,2013-06-14,23.25,23.25,0.0,0.0,0.0,0.0,0.0,0.0,0.0,0.0,0.0,0.0,0.0,0.0,0.0,0.0,0.0,0.0,0.0,0.0,0.0,0.0,0.0
ACMT,1.0,2011-08-25,24.5,24.5,0.0,0.0,0.0,0.0,0.0,0.0,0.0,0.0,0.0,0.0,0.0,0.0,0.0,0.0,-0.03008709422011091,-0.03008709422011091,-0.03008709422011091,-0.03008709422011091,-0.03008709422011091,-0.03008709422011091,-0.03008709422011091
ACMT,1.0,2010-08-03,24.75,24.75,0.0,0.0,0.0,0.0,0.0,0.0,0.0,0.0,0.0,0.0,0.0,0.0,0.0,0.0,0.0,0.0,0.0,0.0,0.0,0.008146639511201537,0.008146639511201537
ACMT,1.0,2010-08-26,24.75,24.75,0.0,0.0,0.0,0.0,0.0,0.0,0.0,0.0,0.0,0.0,0.0,0.0,0.0,0.0,0.0,0.0,0.0,0.0,0.0,0.0,0.0
ACMT,1.0,2010-12-07,24.6,24.6,0.0,0.0,0.0,0.0,0.0,0.0,0.0,0.0,0.0,0.0,0.0,0.0,0.0,0.0,0.0,0.0,0.0,0.0,0.0,0.0,0.0
ACMT,1.0,2010-10-22,24.75,24.75,0.0,0.0,0.0,0.0,0.0,0.0,0.0,0.0,0.0,0.0,0.0,0.0,0.0,0.0,0.0,0.0,0.0,0.0,0.0,0.0,0.0
ACMT,1.0,2013-10-10,25.0,25.0,0.010000000000000009,0.0,0.0,0.0,0.0,0.0,0.0,0.0,0.0,0.0,0.0,0.0,0.0,0.0,0.0,0.0,0.0,0.0,0.0,0.0,0.0
ACMT,1.0,2012-04-27,34.0,34.0,0.0,0.0,0.0,0.0,0.0,0.0,0.0,0.0,0.0,0.0,0.3877551020408163,0.3877551020408163,0.3877551020408163,0.3877551020408163,0.3877551020408163,0.3877551020408163,0.3877551020408163,0.3877551020408163,0.3877551020408163,0.3877551020408163,0.3877551020408163
ACMT,1.0,2010-09-28,24.75,24.75,0.0,0.0,0.0,0.0,0.0,0.0,0.0,0.0,0.0,0.0,0.0,0.0,0.0,0.0,0.0,0.0,0.0,0.0,0.0,0.0,0.0
ACY,1.0,2004-11-24,2.79,2.79,-0.05902777777777779,0.0,0.0,-0.0035714285714284477,-0.08223684210526316,-0.06060606060606066,-0.06688963210702348,-0.05423728813559325,-0.06999999999999995,-0.06999999999999995,-0.07920792079207917,-0.07920792079207917,-0.07615894039735094,-0.07920792079207917,-0.06999999999999995,-0.0852459016393442,-0.09708737864077666,-0.0852459016393442,-0.09999999999999998,-0.08223684210526316,-0.11428571428571421
ACY,1.0,2005-03-22,3.7,3.7,-0.13881748071979438,0.013333333333333197,-0.01041666666666663,0.0,-0.10377358490566047,-0.18976545842217496,-0.22448979591836749,-0.2734225621414915,-0.2578125,-0.3504273504273504,-0.41984732824427484,-0.3537414965986395,-0.2369477911646587,-0.15367483296213813,-0.012987012987013102,0.08571428571428563,0.07042253521126751,0.0734463276836157,0.07954545454545459,0.08571428571428563,0.08571428571428563
ACY,1.0,2006-10-18,4.83,4.83,0.026694045174537884,0.004106776180698102,0.004106776180698102,0.004106776180698102,0.004106776180698102,-0.02589641434262946,-0.03550295857988173,-0.02200000000000002,0.008247422680412342,0.012422360248447228,-0.0020408163265307477,-0.0020408163265307477,-0.02200000000000002,-0.02200000000000002,-0.02395209580838331,-0.03740157480314965,-0.03740157480314965,-0.05048543689320406,-0.05048543689320406,-0.05048543689320406,-0.055984555984555984
ACY,1.0,2010-10-14,15.6,15.6,-0.009375000000000022,-0.0384138785625775,-0.014603174603174618,0.0038809831824060392,0.031229235880398498,0.06447187928669407,0.041610738255033475,0.048648648648648596,0.05650102110279098,-0.0006439150032195862,-0.08866705813270703,-0.07065868263473052,-0.06842737094837936,-0.09239766081871359,-0.07121484141232803,-0.07343283582089555,-0.030000000000000027,-0.041975308641975295,-0.044923076923076954,-0.015228426395939132,0.001290322580645098
ACY,1.0,1999-06-30,8.0,8.0,-0.01677419354838705,0.0,0.034120734908136496,-0.015000000000000013,-0.015000000000000013,-0.015000000000000013,-0.015000000000000013,0.0,-0.015000000000000013,0.0,0.042328042328042326,0.034120734908136496,0.034120734908136496,0.034120734908136496,0.05066666666666664,0.034120734908136496,0.042328042328042326,0.016774193548387162,0.016774193548387162,0.016774193548387162,0.034120734908136496
ACY,1.0,2005-08-01,3.61,3.61,-0.01377410468319551,-0.013661202185792476,0.0055710306406684396,0.0055710306406684396,0.0055710306406684396,0.0055710306406684396,-0.008241758241758323,-0.010958904109588996,-0.02432432432432441,-0.02432432432432441,-0.010958904109588996,-0.008241758241758323,0.05555555555555558,0.046376811594202705,0.07440476190476186,0.07761194029850738,0.08083832335329344,0.10060975609756095,0.0906344410876132,0.0906344410876132,0.09393939393939399
ACY,1.0,2003-02-19,2.78,2.78,-0.02592592592592602,-0.06474820143884885,-0.06810035842293904,-0.07142857142857129,-0.07142857142857129,-0.11864406779661019,-0.11864406779661019,-0.1362126245847175,-0.17460317460317454,-0.190031152647975,-0.21212121212121204,-0.21212121212121204,-0.23529411764705876,-0.22388059701492535,-0.22388059701492535,-0.22388059701492535,-0.22388059701492535,-0.22388059701492535,-0.22388059701492535,-0.22388059701492535,-0.22619047619047616
ACY,1.0,2002-03-18,4.65,4.65,0.0,0.0,-0.0021459227467810482,0.0,0.0,0.0,0.008676789587852562,0.03333333333333344,0.04494382022471921,0.0379464285714286,0.04729729729729737,0.06896551724137945,0.06896551724137945,0.06896551724137945,0.09411764705882364,0.12048192771084332,0.12048192771084332,0.1625000000000001,0.1625000000000001,0.1625000000000001,0.17721518987341778
ACY,1.0,2009-08-21,11.45,11.45,0.009038619556285932,0.0026200873362447474,0.0026200873362447474,0.0026200873362447474,0.0026200873362447474,-0.02297872340425533,-0.043333333333333335,-0.05978705978705978,0.043636363636363695,0.043636363636363695,0.14456630109670998,0.1457085828343314,0.1457085828343314,0.1457085828343314,0.1200000000000001,0.17142857142857149,0.17502558853633587,0.14800000000000013,0.12438785504407446,0.11025145067698272,0.11890838206627685
ACY,1.0,2004-12-08,2.6,2.6,-0.011538461538461608,-0.022556390977443663,-0.03703703703703709,-0.05797101449275355,0.040000000000000036,-0.03703703703703709,-0.054545454545454564,-0.08450704225352101,-0.08450704225352101,-0.06810035842293904,-0.06810035842293904,-0.06810035842293904,-0.07142857142857129,-0.14473684210526316,-0.12457912457912457,-0.13043478260869568,-0.11864406779661019,-0.1333333333333333,-0.1333333333333333,-0.14191419141914186,-0.14191419141914186
ACY,1.0,1998-08-25,6.25,6.25,-0.08333333333333337,0.0,-0.02037617554858928,0.0212418300653594,0.0212418300653594,0.0212418300653594,0.08695652173913038,0.04166666666666674,0.05218855218855212,0.0212418300653594,0.0,0.0,0.04166666666666674,0.04166666666666674,0.0,0.0,-0.038461538461538436,-0.0558912386706949,-0.02037617554858928,-0.02037617554858928,-0.02037617554858928
ACY,1.0,2005-10-04,4.14,4.14,-0.03037974683544309,-0.03614457831325313,-0.08045977011494243,-0.09090909090909094,-0.06759906759906764,-0.07407407407407418,-0.06323185011709598,-0.029126213592232997,-0.022004889975550057,0.0,0.0025062656641603454,0.020408163265306145,0.012658227848101111,0.044386422976501194,0.06951871657753994,0.07526881720430101,0.08108108108108092,0.05263157894736836,0.058201058201058364,0.07816711590296488,0.08695652173913038
ACY,1.0,2003-09-19,3.5,3.5,0.005698005698005604,-0.005681818181818232,0.0,-0.008498583569405027,-0.02506963788300831,-0.02777777777777779,-0.03314917127071826,-0.08854166666666663,-0.08854166666666663,-0.08854166666666663,-0.08854166666666663,-0.041095890410958846,-0.051490514905149,-0.041095890410958846,-0.02777777777777779,0.12903225806451601,0.12903225806451601,0.16666666666666674,0.16666666666666674,0.16666666666666674,0.16666666666666674
ACY,1.0,2001-01-09,4.88,4.88,0.03950103950103956,0.0,0.05555555555555558,0.05555555555555558,0.05555555555555558,0.0,0.08447488584474883,0.05555555555555558,0.02813852813852802,0.0,0.0,-0.050000000000000044,-0.050000000000000044,-0.09523809523809523,-0.1054613935969867,-0.1054613935969867,-0.1054613935969867,-0.11710037174721188,-0.11710037174721188,-0.17391304347826086,-0.17391304347826086
ACY,1.0,2000-10-24,5.62,5.62,-0.010791366906474753,0.0,0.04460966542750944,0.04460966542750944,0.04460966542750944,0.04460966542750944,0.07047619047619058,0.021818181818181737,0.021818181818181737,0.021818181818181737,0.021818181818181737,0.021818181818181737,0.021818181818181737,0.021818181818181737,0.021818181818181737,0.021818181818181737,0.0,-0.022608695652173938,-0.03270223752151458,-0.05387205387205396,-0.06333333333333335
ACY,1.0,2007-04-17,14.12,14.12,-0.013062409288824406,0.007902298850574585,0.007902298850574585,-0.027045769764216354,0.025584795321637488,-0.01127554615926707,-0.008480565371024817,0.045454545454545414,-0.045578231292517035,-0.09132124352331605,-0.0590207914151577,-0.07818659658344296,-0.08360548661005884,-0.10351437699680521,-0.06962864721485418,-0.10750636132315528,-0.10006414368184735,-0.0787918581746554,-0.12421972534332082,-0.13767670559311618,-0.18901734104046253
ACY,1.0,2001-05-03,4.85,4.85,0.05154639175257736,0.0,0.0,0.01041666666666674,-0.030000000000000027,-0.030000000000000027,-0.030000000000000027,-0.020202020202020332,0.04301075268817178,0.05434782608695654,0.021052631578947212,0.06593406593406592,0.040772532188841026,0.0,-0.002057613168724437,0.0,-0.010204081632653184,-0.020202020202020332,-0.020202020202020332,-0.010204081632653184,-0.010204081632653184
ACY,1.0,2007-11-19,20.1,20.1,-0.18278529980657643,0.0024038461538462563,0.15833333333333344,0.12702702702702706,0.16091314031180404,0.14246575342465762,0.12763656030286663,0.11318739989321958,0.5559701492537314,0.5444444444444445,0.4059339177343224,0.3717105263157896,0.36274509803921573,0.41836734693877564,0.34602969657843774,0.3826259946949604,0.3835434638354347,0.35565669700910285,0.3574218750000002,0.3583061889250816,0.3900000000000001
ACY,1.0,2012-11-28,12.95,12.95,-0.02207001522070018,-0.01607963246554367,-0.0023291925465839247,-0.01908396946564883,-0.02577710386656562,-0.04247391952309987,-0.04247391952309987,-0.012298232129131503,-0.03961136023916301,-0.03383458646616544,-0.030188679245283012,0.0239043824701195,0.0239043824701195,0.06639004149377592,0.04471544715447151,-0.0015540015540015384,0.025538707102952918,0.03629032258064502,0.015810276679841806,0.02065131056393965,0.09361702127659566
ACY,1.0,2005-04-05,3.06,3.06,0.22670807453416142,0.05161290322580636,0.003076923076922977,-0.0060975609756097615,0.05161290322580636,0.06885245901639347,-0.03550295857988173,-0.09444444444444455,-0.12129380053908356,-0.14210526315789473,-0.1306666666666667,-0.15104166666666674,-0.14210526315789473,-0.23113207547169823,-0.304904051172708,-0.33469387755102054,-0.37667304015296377,-0.36328125,-0.4427350427350427,-0.5022900763358779,-0.44557823129251706
ACY,1.0,2004-02-23,3.21,3.21,0.032786885245901676,-0.0757575757575758,-0.0757575757575758,-0.06153846153846154,-0.06153846153846154,-0.06441717791411039,-0.04687500000000011,-0.04687500000000011,-0.04687500000000011,-0.04687500000000011,-0.0757575757575758,-0.043887147335423204,-0.043887147335423204,-0.04687500000000011,-0.1643835616438356,-0.04687500000000011,-0.05572755417956665,-0.0032679738562092497,-0.043887147335423204,-0.08132530120481929,-0.08132530120481929
ACY,1.0,2014-03-14,17.14,17.14,0.04014598540145986,0.0,-0.051466519092418395,0.0,-0.03653738055087119,-0.020571428571428574,-0.018889524899828203,-0.04245810055865906,-0.04671857619577302,-0.03707865168539326,-0.051466519092418395,-0.051466519092418395,-0.05199115044247771,-0.0684782608695651,-0.0684782608695651,-0.09312169312169305,-0.09408033826638484,-0.09503695881731788,-0.09694415173867232,-0.0684782608695651,-0.028895184135977248
ACY,1.0,2007-09-06,14.05,14.05,0.02464788732394374,0.05152394775036284,0.04020100502512558,0.03131672597864754,0.02042253521126769,0.013286713286713159,0.004854368932038833,-0.02620967741935487,0.003462603878116477,0.09441087613293053,0.07572383073496658,0.06622516556291402,0.03648068669527893,0.03870967741935494,0.11375864719446582,-0.010921501706484649,0.03131672597864754,-0.014285714285714235,0.0027681660899654403,-0.06816720257234732,-0.1180766889835666
ACY,1.0,2012-10-02,12.9,12.9,0.01450443190975026,0.013061224489795853,-0.007199999999999984,0.03416666666666668,0.019720624486442073,0.032445923460898474,0.032445923460898474,-0.021293375394321745,0.0016142050040355294,0.0016142050040355294,-0.03499222395023327,-0.023603461841070095,-0.03424124513618676,-0.007199999999999984,0.029021558872305064,0.02139917695473259,0.010586319218241158,0.010586319218241158,0.010586319218241158,0.05706984667802395,0.10409252669039137
ACY,1.0,2003-05-13,3.19,3.19,0.043887147335423204,0.0,0.0031446540880502027,0.006309148264984188,0.009493670886075778,0.015923566878980777,0.049342105263157965,0.06333333333333324,0.07770270270270263,0.06333333333333324,0.06333333333333324,0.07770270270270263,0.06688963210702337,0.06688963210702337,0.029032258064516148,0.032362459546925626,0.025723472668810254,0.13928571428571423,0.11149825783972123,0.10763888888888884,0.05980066445182719
ACY,1.0,1998-09-22,4.88,4.88,-0.02771855010660995,-0.02494802494802484,-0.038934426229508046,-0.038934426229508046,-0.02494802494802484,-0.02494802494802484,-0.02494802494802484,-0.02494802494802484,-0.02494802494802484,-0.012631578947368327,-0.012631578947368327,-0.038934426229508046,-0.012631578947368327,-0.061999999999999944,-0.10666666666666658,-0.14727272727272722,-0.1654804270462633,-0.21833333333333327,-0.21833333333333327,-0.24959999999999993,-0.24959999999999993
ACY,1.0,2001-10-17,5.55,5.55,-0.027027027027026973,0.0183486238532109,0.02777777777777768,-0.008928571428571397,-0.022887323943661997,-0.022887323943661997,-0.022887323943661997,-0.022887323943661997,-0.014209591474245165,-0.014209591474245165,-0.017699115044247926,-0.017699115044247926,-0.03310104529616731,-0.017699115044247926,-0.017699115044247926,-0.022887323943661997,-0.024604569420035194,-0.017699115044247926,-0.0431034482758621,-0.04802744425385941,-0.022887323943661997
ACY,1.0,2005-02-17,3.5,3.5,0.005714285714285783,0.0,-0.030470914127423754,-0.03846153846153855,0.005747126436781658,0.04166666666666674,0.06382978723404253,0.04477611940298498,0.09034267912772598,0.18243243243243246,0.383399209486166,0.4285714285714284,0.3999999999999999,0.3779527559055118,0.4522821576763485,0.4522821576763485,0.4522821576763485,0.3671875,0.3671875,0.3671875,0.3944223107569722
ACY,1.0,2009-04-21,5.23,5.23,-0.028846153846153966,-0.011111111111111183,0.021032504780114536,0.007547169811320753,-0.0018691588785045843,0.0,-0.025547445255474588,0.017142857142857126,-0.0018691588785045843,-0.020183486238532167,0.051181102362204633,0.059523809523809534,-0.029090909090909167,-0.07130434782608697,-0.046428571428571375,0.05742574257425748,0.011363636363636243,0.017142857142857126,0.04705882352941182,-0.0074349442379182396,-0.003731343283582156
ACY,1.0,2011-07-11,13.92,13.92,-0.027653213751868577,-0.008602150537634357,-0.024682651622002783,-0.009312320916905481,0.011704462326261877,0.0453514739229024,0.06384615384615389,0.08131352619233789,0.09155485398579333,0.07626459143968867,0.10287081339712922,0.11532258064516121,0.11532258064516121,0.11712439418416798,0.12622149837133567,0.11442385173247382,0.110843373493976,0.12439024390243891,0.12439024390243891,0.1670886075949367,0.1670886075949367
ACY,1.0,2012-08-28,11.24,11.24,0.0172570390554041,0.018132366273798883,-0.021777003484320545,-0.021777003484320545,-0.006194690265486802,-0.008826125330979706,-0.03934987168520099,-0.0594639865996649,-0.10589171974522293,-0.11225296442687749,-0.12607003891050583,-0.10873015873015868,-0.08699186991869923,-0.024326672458731435,-0.024326672458731435,-0.012313104661389462,-0.031896551724137856,-0.031896551724137856,-0.007073386383731228,0.011711711711711814,0.020909090909090988
ACY,1.0,1998-02-26,7.0,7.0,-0.08857142857142863,0.0,0.0,0.0,0.0,0.0,0.0,0.0,0.0,0.0,0.0,-0.03448275862068961,-0.06666666666666665,-0.09677419354838712,-0.09677419354838712,-0.09677419354838712,-0.09677419354838712,-0.06666666666666665,-0.08972691807542266,-0.08972691807542266,-0.09677419354838712
ACY,1.0,2005-11-02,3.4,3.4,-0.014925373134328401,-0.014619883040935644,-0.028818443804034644,-0.034383954154727836,-0.06388888888888888,-0.086720867208672,-0.06128133704735372,-0.04802259887005644,-0.0767123287671232,-0.07417582417582413,-0.0842391304347826,-0.0842391304347826,-0.06388888888888888,-0.06906077348066297,-0.08918918918918917,-0.10133333333333328,-0.10610079575596809,-0.12919896640826878,-0.10846560846560838,-0.10133333333333328,-0.11315789473684201
ACY,1.0,2001-08-07,5.45,5.45,0.14025500910746813,0.0018382352941175295,0.028301886792452935,0.04807692307692313,0.04807692307692313,0.04807692307692313,0.05212355212355213,0.05212355212355213,0.04807692307692313,0.03809523809523818,0.04807692307692313,0.06862745098039236,0.09000000000000008,0.09000000000000008,0.09879032258064524,0.09879032258064524,0.09000000000000008,0.07920792079207928,0.09000000000000008,0.07920792079207928,0.06862745098039236
ACY,1.0,2008-11-04,10.8,10.8,0.008021390374331583,0.09433962264150941,0.03111111111111109,0.05454545454545445,0.05454545454545445,0.03571428571428581,0.06032906764168189,0.06813996316758741,0.008695652173912993,0.03111111111111109,0.04035874439461873,0.03111111111111109,0.04977375565610842,0.04504504504504503,0.16582914572864316,-0.056143205858421474,0.13725490196078427,0.3333333333333335,0.17290192113245695,0.2540540540540541,0.2406417112299466
ACY,1.0,2007-05-29,16.05,16.05,-0.07940298507462684,0.03510971786833861,0.04626108998732592,0.048919949174078825,-0.04067402672864606,-0.021919431279620705,0.009785932721712465,0.00793650793650813,-0.08734107241569922,-0.12413793103448278,-0.0740325294447558,0.04493670886075951,0.17009213323883787,0.1750889679715304,0.1569726699369307,0.13159698423577804,0.1725852272727273,0.20510948905109516,0.24603773584905664,0.25265553869499247,0.20952380952380967
ACY,1.0,2006-01-24,3.25,3.25,0.15384615384615374,0.0,0.0,-0.01812688821752273,-0.012158054711246202,-0.012158054711246202,-0.02108433734939752,0.0,0.0,0.018808777429467183,0.015625,0.0030864197530864335,0.0030864197530864335,0.0,-0.012158054711246202,-0.012158054711246202,0.0,0.015625,0.015625,0.015625,-0.024024024024024038
ACY,1.0,2002-08-12,4.1,4.1,-0.024390243902438935,0.0,0.012345679012345734,0.012345679012345734,0.014851485148514865,0.014851485148514865,0.04859335038363155,0.012345679012345734,0.012345679012345734,0.012345679012345734,0.03535353535353525,0.02499999999999991,0.02499999999999991,0.02499999999999991,0.05128205128205132,0.05128205128205132,0.009852216748768461,0.0,-0.023809523809523947,-0.026128266033254244,-0.014423076923077094
ACY,1.0,2002-10-04,4.05,4.05,-0.07730673316708225,0.0,0.009975062344139696,-0.014598540145985495,0.009975062344139696,0.009975062344139696,0.009975062344139696,0.009975062344139696,0.012499999999999956,-0.007352941176470673,0.009975062344139696,0.03846153846153855,0.03846153846153855,0.012499999999999956,0.015037593984962294,0.025316455696202445,0.025316455696202445,0.025316455696202445,0.025316455696202445,0.09459459459459452,0.07999999999999985
ACY,1.0,2006-07-26,5.1,5.1,0.001980198019801982,0.0,-0.011627906976744318,0.020000000000000018,0.04081632653061207,0.038696537678207577,0.058091286307053736,0.058091286307053736,0.028225806451612767,0.020000000000000018,0.0323886639676112,0.047227926078028615,0.047227926078028615,0.04081632653061207,0.030303030303030276,0.026156941649899457,0.026156941649899457,0.020000000000000018,0.030303030303030276,0.030303030303030276,0.030303030303030276
ACY,1.0,2001-05-11,5.01,5.01,-0.015686274509803977,0.0,-0.01764705882352935,-0.01764705882352935,0.03298969072164959,0.03298969072164959,0.03298969072164959,0.03298969072164959,0.03298969072164959,0.043749999999999956,0.0020000000000000018,0.0020000000000000018,0.0020000000000000018,0.012121212121211977,0.07741935483870965,0.08913043478260874,0.054736842105263195,0.10109890109890118,0.07510729613733891,0.03298969072164959,0.030864197530864113
ACY,1.0,2004-09-09,2.32,2.32,0.0,-0.008547008547008517,-0.008547008547008517,-0.029288702928870425,-0.029288702928870425,-0.029288702928870425,-0.029288702928870425,-0.01276595744680864,0.06422018348623837,0.10476190476190461,0.10476190476190461,0.10476190476190461,0.10476190476190461,0.07906976744186034,0.05936073059360725,-0.008547008547008517,-0.008547008547008517,-0.029288702928870425,-0.029288702928870425,-0.029288702928870425,-0.029288702928870425
ACY,1.0,2010-03-11,18.55,18.55,0.01837270341207331,-0.008363826450601186,0.01443850267379676,-0.007326007326007411,-0.0515000000000001,0.03661202185792334,0.2554599602911978,0.27658142664872143,0.2783018867924527,0.27572293207800946,0.26046511627906965,0.28784792939579074,0.2817567567567567,0.27658142664872143,0.2697456492637216,0.32657342657342636,0.3137119113573408,0.3091787439613525,0.32750174947515753,0.37963636363636355,0.3766328011611031
ACY,1.0,2014-02-04,15.36,15.36,-0.023316062176165775,-0.0013020833333332593,-0.017925736235595346,-0.0611995104039168,-0.06917475728155342,-0.08363201911589002,-0.07030303030303031,-0.07255139056831916,-0.07255139056831916,-0.09069353882631892,-0.07757065544197228,-0.06177370030581053,-0.06406345332519836,-0.09069353882631892,-0.06860959319975712,-0.06177370030581053,-0.07590361445783145,-0.06520414381474715,-0.07923169267707086,-0.0890736342042755,-0.0885323826500296
ACY,1.0,2001-12-03,4.85,4.85,0.026804123711340333,0.0,-0.010204081632653184,-0.030000000000000027,-0.047151277013752546,-0.047151277013752546,-0.031936127744511045,-0.03960396039603964,-0.04527559055118113,-0.07442748091603069,-0.0673076923076924,-0.0673076923076924,-0.0673076923076924,-0.0673076923076924,-0.0673076923076924,-0.0673076923076924,-0.0673076923076924,-0.07265774378585099,-0.07619047619047625,-0.09345794392523366,-0.09345794392523366
ACY,1.0,2000-04-04,7.19,7.19,0.03571428571428581,-0.008498583569405027,-0.008498583569405027,-0.016853932584269704,0.0,0.07692307692307687,0.07692307692307687,0.01744186046511631,0.0,-0.03448275862068961,0.008645533141210304,0.05740181268882183,0.027900146842878115,0.01744186046511631,0.01744186046511631,0.01744186046511631,0.01744186046511631,-0.016853932584269704,0.0,-0.03448275862068961,-0.03448275862068961
ACY,1.0,2011-10-26,6.09,6.09,-0.04020100502512547,-0.040000000000000036,-0.0625,-0.05362776025236593,-0.09090909090909083,-0.09090909090909083,-0.08396946564885499,-0.05063291139240511,-0.11373707533234856,-0.1124260355029586,-0.12408759124087587,-0.06976744186046513,-0.13169319826338644,-0.11634756995581741,-0.13043478260869568,-0.1573033707865169,-0.1561181434599157,-0.1561181434599157,-0.14893617021276595,-0.16083916083916083,-0.1643454038997214
ACY,1.0,2011-07-08,14.16,14.16,-0.06609195402298851,-0.016220028208744797,-0.0007163323782236608,0.02048280907095834,0.05442176870748283,0.07307692307692304,0.09069585613760744,0.10102604577742702,0.08560311284046684,0.1124401913875599,0.125,0.125,0.12681744749596113,0.1359934853420195,0.12409347300564044,0.12048192771084332,0.13414634146341453,0.13414634146341453,0.17721518987341778,0.17721518987341778,0.16153205661948378
ACY,1.0,2008-07-29,12.2,12.2,-0.03143093465674107,0.00819672131147553,0.028428093645485042,0.018211920529801473,0.0732984293193717,0.06863596872284972,0.10910730387736711,0.08849557522123885,0.09139307897071891,0.1243144424131628,0.17703349282296665,0.10512129380053903,-0.014423076923076872,-0.04130943102104434,0.13259668508287303,0.2812500000000002,0.3085106382978724,0.17366412213740468,0.028428093645485042,0.07989464442493421,0.1274060494958753
ACY,1.0,2006-06-12,5.02,5.02,-0.06060606060606055,-0.007936507936507908,0.0,-0.06542056074766345,-0.03100775193798455,-0.049429657794676785,-0.049429657794676785,-0.07063197026022305,-0.06542056074766345,-0.04761904761904767,-0.053030303030303094,-0.053030303030303094,-0.021526418786692814,-0.029126213592233108,-0.04580152671755733,-0.04761904761904767,-0.029126213592233108,-0.029126213592233108,-0.058380414312617646,0.0,-0.029126213592233108
