Date,Open,High,Low,Close,Volume,Adj Close
2006-03-08,8.0,8.89,8.0,8.67,118000,86.7
2006-03-09,8.84,8.84,8.25,8.28,26700,82.8
2006-03-10,8.55,8.58,8.1,8.3,4300,83.0
2006-03-13,8.14,8.75,8.14,8.75,5700,87.5
2006-03-14,8.8,8.8,8.5,8.7,3300,87.0
2006-03-15,8.54,8.84,8.51,8.65,6300,86.5
2006-03-16,8.75,8.75,8.55,8.7,2900,87.0
2006-03-17,8.74,9.5,8.66,9.11,3900,91.1
2006-03-20,9.5,10.03,9.25,9.5,7800,95.0
2006-03-21,10.2,10.59,9.79,9.8,7800,98.0
2006-03-22,9.88,10.0,9.5,9.89,3800,98.9
2006-03-23,9.96,10.0,9.5,9.9,5400,99.0
2006-03-24,9.82,10.2,9.78,9.84,6300,98.4
2006-03-27,9.99,9.99,9.5,9.5,3900,95.0
2006-03-28,9.56,9.91,9.19,9.81,3100,98.1
2006-03-29,9.99,10.0,9.63,9.87,3300,98.7
2006-03-30,9.78,9.9,9.64,9.64,600,96.4
2006-03-31,9.64,9.89,9.64,9.75,500,97.5
2006-04-03,10.0,10.0,9.7,9.8,1500,98.0
2006-04-04,10.0,10.0,9.81,9.81,700,98.1
2006-04-05,9.8,9.83,9.64,9.74,500,97.4
2006-04-06,9.72,10.0,9.52,9.73,1500,97.3
2006-04-07,9.52,9.68,9.52,9.61,700,96.1
2006-04-10,9.88,9.88,8.86,8.95,6100,89.5
2006-04-11,9.36,9.36,8.0,8.42,6000,84.2
2006-04-12,8.32,8.73,7.74,8.27,8400,82.7
2006-04-13,8.12,8.96,8.12,8.96,1100,89.6
2006-04-17,9.41,9.5,8.95,9.25,2700,92.5
2006-04-18,9.77,9.85,9.14,9.34,4400,93.4
2006-04-19,9.7,9.72,9.0,9.01,4900,90.1
2006-04-20,8.85,9.2,8.64,9.11,10100,91.1
2006-04-21,8.75,9.02,8.75,8.9,2300,89.0
2006-04-24,9.19,9.25,8.83,8.92,2100,89.2
2006-04-25,9.0,9.2,8.9,9.1,4700,91.0
2006-04-26,9.02,9.29,8.9,8.9,1600,89.0
2006-04-27,8.98,9.3,8.75,8.75,2600,87.5
2006-04-28,8.79,9.4,8.76,9.0,3000,90.0
2006-05-01,8.91,8.95,8.75,8.75,2100,87.5
2006-05-02,8.85,8.9,8.75,8.81,1700,88.1
2006-05-03,8.9,9.09,8.79,8.99,900,89.9
2006-05-04,9.12,9.34,8.8,9.09,2400,90.9
2006-05-05,9.11,9.2,8.99,9.02,700,90.2
2006-05-08,8.91,9.16,8.76,8.83,600,88.3
2006-05-09,9.03,9.03,8.75,8.78,1100,87.8
2006-05-10,8.78,8.94,8.78,8.84,200,88.4
2006-05-11,8.79,8.79,8.45,8.59,2200,85.9
2006-05-12,8.45,9.2,8.45,9.2,500,92.0
2006-05-15,8.8,9.0,8.59,8.98,3100,89.8
2006-05-16,8.59,8.93,8.56,8.6,500,86.0
2006-05-17,8.6,8.69,8.6,8.68,300,86.8
2006-05-18,8.6,8.61,8.5,8.5,1500,85.0
2006-05-19,8.5,8.6,8.5,8.51,700,85.1
2006-05-22,8.51,8.78,8.49,8.65,1300,86.5
2006-05-23,8.8,8.8,8.61,8.62,100,86.2
2006-05-24,8.7,8.7,8.45,8.6,600,86.0
2006-05-25,8.45,8.56,8.45,8.5,1500,85.0
2006-05-26,8.47,8.65,8.47,8.55,1700,85.5
2006-05-30,8.6,8.78,8.25,8.25,9900,82.5
2006-05-31,8.31,8.53,8.14,8.16,6200,81.6
2006-06-01,8.1,9.73,8.0,9.43,5400,94.3
2006-06-02,9.27,9.4,8.76,9.15,15700,91.5
2006-06-05,8.84,9.18,8.35,8.67,40000,86.7
2006-06-06,8.75,9.5,8.3,9.11,38800,91.1
2006-06-07,9.09,9.27,8.64,8.7,6100,87.0
2006-06-08,8.7,9.34,8.67,8.74,11200,87.4
2006-06-09,8.86,9.12,8.61,8.74,6200,87.4
2006-06-12,8.93,9.09,8.24,8.25,27900,82.5
2006-06-13,8.29,8.55,8.05,8.2,13900,82.0
2006-06-14,8.0,8.41,7.73,7.79,15400,77.9
2006-06-15,7.91,8.01,7.5,7.74,13700,77.4
2006-06-16,7.88,8.22,7.66,7.79,15400,77.9
2006-06-19,8.01,8.16,6.51,6.87,64000,68.7
2006-06-20,6.87,8.1,6.81,7.69,58800,76.9
2006-06-21,7.59,7.99,7.17,7.75,29200,77.5
2006-06-22,7.58,7.85,7.58,7.84,2500,78.4
2006-06-23,7.86,7.87,7.77,7.77,400,77.7
2006-06-26,7.78,7.78,7.78,7.78,0,77.8
2006-06-27,7.84,7.98,7.25,7.41,4700,74.1
2006-06-28,7.15,7.54,7.0,7.24,4600,72.4
2006-06-29,7.35,7.44,7.08,7.3,6500,73.0
2006-06-30,7.3,7.33,7.04,7.33,7500,73.3
2006-07-03,7.15,7.36,7.07,7.15,3800,71.5
2006-07-05,7.0,7.03,6.9,7.01,2200,70.1
2006-07-06,7.25,7.25,7.02,7.02,2300,70.2
2006-07-07,6.92,7.13,6.92,7.07,1100,70.7
2006-07-10,7.0,7.11,6.9,7.01,4700,70.1
2006-07-11,7.01,7.01,6.97,6.97,2800,69.7
2006-07-12,7.0,7.32,7.0,7.0,700,70.0
2006-07-13,6.91,7.1,6.91,7.0,1000,70.0
2006-07-14,6.97,7.07,6.83,7.05,1200,70.5
2006-07-17,6.83,7.04,6.75,6.79,2200,67.9
2006-07-18,6.75,7.0,6.7,6.88,1300,68.8
2006-07-19,6.81,7.04,6.66,6.97,400,69.7
2006-07-20,6.9,7.14,6.86,7.14,2000,71.4
2006-07-21,7.07,7.34,7.06,7.27,1000,72.7
2006-07-24,7.19,7.73,7.14,7.73,900,77.3
2006-07-25,7.35,7.55,7.05,7.55,400,75.5
2006-07-26,7.5,7.5,7.23,7.28,300,72.8
2006-07-27,7.38,7.41,7.38,7.41,100,74.1
2006-07-28,7.36,7.36,7.32,7.32,100,73.2
2006-07-31,7.26,7.32,7.25,7.32,200,73.2
2006-08-01,7.08,7.36,7.08,7.32,200,73.2
2006-08-02,7.09,7.33,7.09,7.23,100,72.3
2006-08-03,7.34,7.34,7.15,7.24,400,72.4
2006-08-04,6.98,7.24,6.96,7.03,300,70.3
2006-08-07,7.03,7.03,6.67,6.67,1300,66.7
2006-08-08,6.65,6.71,6.65,6.7,200,67.0
2006-08-09,6.55,6.55,6.25,6.25,900,62.5
2006-08-10,6.25,6.25,6.12,6.16,100,61.6
2006-08-11,6.2,6.51,6.2,6.51,800,65.1
2006-08-14,6.5,6.93,6.5,6.61,200,66.1
2006-08-15,6.66,7.07,6.66,7.0,1100,70.0
2006-08-16,6.96,7.39,6.96,7.38,3100,73.8
2006-08-17,7.39,7.39,7.1,7.18,300,71.8
2006-08-18,7.13,7.36,7.1,7.2,800,72.0
2006-08-21,7.18,7.23,6.96,7.07,600,70.7
2006-08-22,7.22,7.22,7.2,7.2,200,72.0
2006-08-23,7.39,7.5,7.22,7.36,300,73.6
2006-08-24,7.2,7.4,7.2,7.4,200,74.0
2006-08-25,7.33,7.4,7.33,7.36,100,73.6
2006-08-28,7.27,7.36,7.2,7.2,1200,72.0
2006-08-29,7.2,7.21,7.2,7.2,300,72.0
2006-08-30,7.2,7.28,7.0,7.0,1800,70.0
2006-08-31,7.02,7.03,7.0,7.0,200,70.0
2006-09-01,7.19,7.19,7.01,7.02,300,70.2
2006-09-05,6.85,7.2,6.85,7.1,1800,71.0
2006-09-06,7.1,7.24,7.1,7.11,900,71.1
2006-09-07,7.0,7.22,7.0,7.11,1100,71.1
2006-09-08,6.99,7.35,6.99,7.35,0,73.5
2006-09-11,6.97,7.35,6.97,7.32,100,73.2
2006-09-12,7.25,7.25,7.0,7.0,1300,70.0
2006-09-13,7.0,7.03,7.0,7.0,2200,70.0
2006-09-14,7.0,7.01,7.0,7.0,1000,70.0
2006-09-15,7.0,7.23,7.0,7.18,2200,71.8
2006-09-18,7.3,7.3,7.0,7.0,300,70.0
2006-09-19,7.0,7.11,6.95,7.05,3400,70.5
2006-09-20,7.12,7.14,7.0,7.0,600,70.0
2006-09-21,7.0,7.1,7.0,7.0,400,70.0
2006-09-22,7.0,7.13,7.0,7.13,500,71.3
2006-09-25,7.1,7.24,7.0,7.05,2900,70.5
2006-09-26,7.2,7.77,7.1,7.73,12600,77.3
2006-09-27,7.75,8.35,7.68,8.19,11300,81.9
2006-09-28,8.19,8.3,8.07,8.2,1300,82.0
2006-09-29,8.15,8.24,8.0,8.04,1500,80.4
2006-10-02,8.04,8.14,8.0,8.03,1200,80.3
2006-10-03,8.03,8.29,7.98,8.29,2800,82.9
2006-10-04,8.25,8.28,8.15,8.25,2600,82.5
2006-10-05,8.25,8.25,8.17,8.17,700,81.7
2006-10-06,8.21,8.27,8.12,8.24,1100,82.4
2006-10-09,8.25,8.25,8.1,8.22,1600,82.2
2006-10-10,8.21,8.49,8.12,8.3,5800,83.0
2006-10-11,8.15,8.29,8.15,8.26,600,82.6
2006-10-12,8.2,8.35,8.15,8.3,1900,83.0
2006-10-13,8.44,8.45,8.27,8.39,1800,83.9
2006-10-16,8.21,8.43,8.21,8.32,1400,83.2
2006-10-17,8.25,8.5,8.23,8.44,2100,84.4
2006-10-18,8.2,8.55,7.66,8.1,4700,81.0
2006-10-19,8.1,8.69,7.78,8.69,3800,86.9
2006-10-20,8.58,8.65,8.26,8.6,2200,86.0
2006-10-23,8.74,8.74,8.11,8.3,4300,83.0
2006-10-24,8.3,9.1,8.3,9.01,3000,90.1
2006-10-25,8.93,8.95,8.71,8.95,2300,89.5
2006-10-26,8.81,8.9,8.42,8.42,500,84.2
2006-10-27,8.32,8.32,7.86,7.88,300,78.8
2006-10-30,7.96,8.44,7.8,8.0,1400,80.0
2006-10-31,7.99,8.21,7.91,8.13,800,81.3
2006-11-01,8.13,8.48,8.12,8.3,900,83.0
2006-11-02,8.13,8.16,7.73,8.01,3000,80.1
2006-11-03,7.96,8.25,7.96,8.15,1200,81.5
2006-11-06,8.12,8.24,8.0,8.02,700,80.2
2006-11-07,8.01,8.21,7.89,7.89,1300,78.9
2006-11-08,7.96,7.98,7.85,7.85,3600,78.5
2006-11-09,7.86,7.89,7.81,7.81,300,78.1
2006-11-10,7.88,7.99,7.88,7.98,200,79.8
2006-11-13,7.9,8.2,7.9,8.2,1300,82.0
2006-11-14,8.2,8.7,8.15,8.29,2400,82.9
2006-11-15,7.55,8.16,7.29,8.08,11200,80.8
2006-11-16,8.0,8.12,8.0,8.03,1900,80.3
2006-11-17,8.14,8.29,7.95,8.12,8800,81.2
2006-11-20,8.3,8.4,8.0,8.06,1900,80.6
2006-11-21,7.97,8.13,7.93,8.1,2600,81.0
2006-11-22,8.12,8.26,8.11,8.25,1000,82.5
2006-11-24,8.16,8.23,8.15,8.18,700,81.8
2006-11-27,8.08,8.24,7.96,8.15,6400,81.5
2006-11-28,8.06,8.26,8.04,8.19,1800,81.9
2006-11-29,8.3,8.78,8.16,8.78,3000,87.8
2006-11-30,8.7,8.7,8.36,8.36,2400,83.6
2006-12-01,8.54,8.59,8.32,8.4,1900,84.0
2006-12-04,8.23,8.72,8.23,8.61,2600,86.1
2006-12-05,8.6,8.68,8.5,8.58,2900,85.8
2006-12-06,8.4,8.44,8.16,8.35,3400,83.5
2006-12-07,8.25,8.5,8.19,8.32,5600,83.2
2006-12-08,8.26,8.45,8.19,8.45,7600,84.5
2006-12-11,8.37,8.48,8.0,8.01,3200,80.1
2006-12-12,8.11,8.4,8.11,8.4,10500,84.0
2006-12-13,8.44,8.65,8.44,8.63,2700,86.3
2006-12-14,8.97,11.29,8.97,10.82,77100,108.2
2006-12-15,10.9,10.9,9.99,10.35,12400,103.5
2006-12-18,10.33,10.38,9.51,9.92,14900,99.2
2006-12-19,10.0,10.5,9.82,10.5,17500,105.0
2006-12-20,10.76,11.19,10.65,10.72,8400,107.2
2006-12-21,10.76,11.05,10.45,10.72,43700,107.2
2006-12-22,10.87,10.87,10.55,10.82,7400,108.2
2006-12-26,10.81,11.07,10.81,11.0,5200,110.0
2006-12-27,10.81,11.9,10.81,11.83,8700,118.3
2006-12-28,11.89,11.89,11.48,11.51,4900,115.1
2006-12-29,11.45,12.09,10.93,11.39,12800,113.9
2007-01-03,12.03,12.03,11.41,11.48,17600,114.8
2007-01-04,11.59,11.75,11.53,11.7,4000,117.0
2007-01-05,11.75,11.75,11.56,11.59,3300,115.9
2007-01-08,11.76,11.76,11.36,11.36,3600,113.6
2007-01-09,11.02,11.25,10.27,10.32,13000,103.2
2007-01-10,10.32,11.4,10.32,11.0,12700,110.0
2007-01-11,10.9,11.0,10.71,10.81,5300,108.1
2007-01-12,10.89,11.27,10.81,10.88,3300,108.8
2007-01-16,11.0,11.01,10.45,10.45,2100,104.5
2007-01-17,10.32,10.41,10.08,10.19,3400,101.9
2007-01-18,10.46,10.46,10.07,10.08,3600,100.8
2007-01-19,10.29,10.29,10.01,10.07,4000,100.7
2007-01-22,10.03,10.11,9.61,9.94,3000,99.4
2007-01-23,9.94,9.94,9.69,9.85,4500,98.5
2007-01-24,9.9,10.1,9.9,9.9,5600,99.0
2007-01-25,9.86,9.98,9.72,9.72,2800,97.2
2007-01-26,9.85,9.85,9.66,9.71,2800,97.1
2007-01-29,9.75,9.75,9.5,9.52,1900,95.2
2007-01-30,9.61,9.61,9.42,9.46,2200,94.6
2007-01-31,9.49,10.2,9.49,9.65,6500,96.5
2007-02-01,9.75,10.05,9.73,9.89,10900,98.9
2007-02-02,9.9,10.71,9.9,10.69,4400,106.9
2007-02-05,10.82,11.09,10.66,11.01,6400,110.1
2007-02-06,11.0,11.08,10.59,10.78,5800,107.8
2007-02-07,11.07,11.19,10.75,10.84,9900,108.4
2007-02-08,10.91,11.4,10.91,11.2,4100,112.0
2007-02-09,11.34,11.49,10.85,10.86,9500,108.6
2007-02-12,10.82,10.99,10.7,10.78,2600,107.8
2007-02-13,10.86,11.06,10.8,10.99,2500,109.9
2007-02-14,10.95,11.19,10.95,11.0,4400,110.0
2007-02-15,10.86,11.19,10.86,11.0,3700,110.0
2007-02-16,11.05,11.08,10.95,11.08,2900,110.8
2007-02-20,11.0,11.2,10.94,10.96,4000,109.6
2007-02-21,10.99,11.13,10.77,10.9,8100,109.0
2007-02-22,10.93,10.97,10.26,10.63,8600,106.3
2007-02-23,10.52,10.75,10.5,10.68,4200,106.8
2007-02-26,10.75,10.76,10.6,10.7,2800,107.0
2007-02-27,10.59,10.79,9.95,10.09,8700,100.9
2007-02-28,10.06,10.22,10.02,10.02,2000,100.2
2007-03-01,9.98,10.2,9.76,10.2,3700,102.0
2007-03-02,10.02,10.05,9.93,10.0,2100,100.0
2007-03-05,9.92,9.95,9.28,9.28,5400,92.8
2007-03-06,9.48,9.48,8.78,8.94,67500,89.4
2007-03-07,8.76,9.41,8.75,9.01,13400,90.1
2007-03-08,9.1,9.2,9.02,9.1,3100,91.0
2007-03-09,9.1,9.3,9.1,9.25,2500,92.5
2007-03-12,9.12,9.34,9.12,9.27,6800,92.7
2007-03-13,9.16,9.29,9.0,9.0,4000,90.0
2007-03-14,8.99,9.13,8.64,8.79,15200,87.9
2007-03-15,8.9,8.9,8.52,8.64,5400,86.4
2007-03-16,8.56,9.18,8.54,9.13,30600,91.3
2007-03-19,9.15,9.35,9.15,9.23,3500,92.3
2007-03-20,9.25,10.44,9.25,9.79,8400,97.9
2007-03-21,10.32,10.32,9.88,9.99,6400,99.9
2007-03-22,10.0,10.05,9.75,9.76,5800,97.6
2007-03-23,9.75,10.06,9.75,9.98,17800,99.8
2007-03-26,14.39,15.8,13.98,15.21,996300,152.1
2007-03-27,15.06,15.17,14.02,14.14,167400,141.4
2007-03-28,13.89,13.9,12.91,13.43,90500,134.3
2007-03-29,13.39,13.88,13.19,13.35,63600,133.5
2007-03-30,13.09,13.19,12.5,12.86,29100,128.6
2007-04-02,12.8,12.8,11.65,11.67,29800,116.7
2007-04-03,11.85,12.14,11.72,12.1,32900,121.0
2007-04-04,12.1,12.63,11.81,12.25,23800,122.5
2007-04-05,12.04,12.31,11.88,11.93,10500,119.3
2007-04-09,11.83,12.0,11.42,11.73,12300,117.3
2007-04-10,11.98,12.2,11.8,12.02,8500,120.2
2007-04-11,12.0,12.0,11.56,11.77,6400,117.7
2007-04-12,11.61,11.99,11.61,11.96,8700,119.6
2007-04-13,11.97,12.31,11.74,11.84,20400,118.4
2007-04-16,11.84,11.84,11.26,11.6,15900,116.0
2007-04-17,11.6,11.82,11.28,11.5,17000,115.0
2007-04-18,11.38,11.47,11.04,11.26,8500,112.6
2007-04-19,11.3,11.98,11.17,11.61,15200,116.1
2007-04-20,11.81,11.82,11.27,11.38,5400,113.8
2007-04-23,11.3,11.79,11.3,11.55,5400,115.5
2007-04-24,11.55,11.55,11.13,11.13,6400,111.3
2007-04-25,11.28,11.44,11.0,11.29,14900,112.9
2007-04-26,11.28,11.35,10.4,10.56,40700,105.6
2007-04-27,10.65,11.2,10.62,10.99,213000,109.9
2007-04-30,10.93,11.19,10.53,10.79,35800,107.9
2007-05-01,10.55,10.55,9.81,9.96,65900,99.6
2007-05-02,10.0,10.49,10.0,10.24,32400,102.4
2007-05-03,10.21,10.32,10.04,10.19,22400,101.9
2007-05-04,10.18,10.25,9.91,9.96,14300,99.6
2007-05-07,10.0,10.23,10.0,10.21,12900,102.1
2007-05-08,10.15,10.23,10.02,10.05,12700,100.5
2007-05-09,10.08,10.3,10.04,10.22,16100,102.2
2007-05-10,10.05,10.4,10.04,10.12,14000,101.2
2007-05-11,10.21,10.29,9.9,9.93,11700,99.3
2007-05-14,10.01,10.17,9.85,9.93,10000,99.3
2007-05-15,9.75,10.19,9.75,10.01,23500,100.1
2007-05-16,10.0,10.14,9.95,10.01,10400,100.1
2007-05-17,9.91,10.06,9.76,9.94,11400,99.4
2007-05-18,9.93,10.25,9.88,10.07,46400,100.7
2007-05-21,10.24,10.25,9.78,9.8,13900,98.0
2007-05-22,9.86,10.16,9.86,9.98,15700,99.8
2007-05-23,10.08,10.12,9.8,9.85,10500,98.5
2007-05-24,9.81,9.97,9.32,9.32,15600,93.2
2007-05-25,9.32,9.47,9.15,9.21,10300,92.1
2007-05-29,9.28,9.39,9.16,9.2,8300,92.0
2007-05-30,9.16,9.25,8.84,8.88,19400,88.8
2007-05-31,8.89,9.68,8.82,9.68,43600,96.8
2007-06-01,9.73,9.73,9.25,9.37,35900,93.7
2007-06-04,9.39,9.66,9.1,9.57,14200,95.7
2007-06-05,9.54,9.71,9.46,9.58,10600,95.8
2007-06-06,9.63,10.18,9.24,9.72,22900,97.2
2007-06-07,9.66,9.77,9.33,9.33,11600,93.3
2007-06-08,9.31,9.37,9.22,9.32,10700,93.2
2007-06-11,9.37,9.6,9.25,9.25,10400,92.5
2007-06-12,9.25,9.32,9.04,9.31,12900,93.1
2007-06-13,9.35,9.44,9.01,9.34,17200,93.4
2007-06-14,9.4,9.4,9.25,9.33,5000,93.3
2007-06-15,9.37,9.37,9.26,9.33,4200,93.3
2007-06-18,9.31,9.91,9.29,9.62,22700,96.2
2007-06-19,9.66,9.76,9.43,9.55,17500,95.5
2007-06-20,9.43,9.8,9.25,9.41,17900,94.1
2007-06-21,9.2,9.38,8.99,9.08,30300,90.8
2007-06-22,9.05,9.31,8.66,8.71,215900,87.1
2007-06-25,8.7,9.02,8.25,8.26,30300,82.6
2007-06-26,8.26,8.52,7.86,8.07,35600,80.7
2007-06-27,8.01,8.7,8.01,8.62,31400,86.2
2007-06-28,8.59,8.71,8.49,8.52,13100,85.2
2007-06-29,8.58,8.58,8.27,8.27,12900,82.7
2007-07-02,8.27,8.83,8.24,8.73,26300,87.3
2007-07-03,8.74,9.39,8.62,9.21,11600,92.1
2007-07-05,9.25,9.25,9.03,9.1,9900,91.0
2007-07-06,9.07,9.16,8.67,9.1,9100,91.0
2007-07-09,9.1,9.35,8.86,9.21,11600,92.1
2007-07-10,9.15,9.21,8.97,9.07,20300,90.7
2007-07-11,9.05,9.25,8.99,9.22,12900,92.2
2007-07-12,9.22,9.27,9.0,9.21,15000,92.1
2007-07-13,9.15,9.16,8.87,9.13,10100,91.3
2007-07-16,9.11,9.11,8.9,9.07,7900,90.7
2007-07-17,9.24,9.24,8.88,8.88,8500,88.8
2007-07-18,8.81,9.06,8.39,9.02,12500,90.2
2007-07-19,9.04,9.08,8.68,8.96,11900,89.6
2007-07-20,8.94,8.94,8.46,8.47,10200,84.7
2007-07-23,8.46,9.09,8.38,9.07,16700,90.7
2007-07-24,8.97,9.09,8.7,8.89,14700,88.9
2007-07-25,8.91,9.16,8.61,9.05,23800,90.5
2007-07-26,8.91,9.04,8.59,8.79,14000,87.9
2007-07-27,8.76,8.77,8.22,8.6,22200,86.0
2007-07-30,8.57,8.78,8.26,8.67,9200,86.7
2007-07-31,8.75,8.91,8.56,8.78,11000,87.8
2007-08-01,8.73,8.83,8.29,8.41,28300,84.1
2007-08-02,8.43,8.71,8.2,8.58,8600,85.8
2007-08-03,8.54,8.54,7.65,7.72,19200,77.2
2007-08-06,7.82,8.79,7.4,8.16,29000,81.6
2007-08-07,8.11,8.25,7.65,8.11,29800,81.1
2007-08-08,8.18,9.09,8.18,8.92,39400,89.2
2007-08-09,8.9,9.69,8.87,9.1,41800,91.0
2007-08-10,8.95,10.1,8.44,9.92,49100,99.2
2007-08-13,9.88,9.88,9.02,9.39,23100,93.9
2007-08-14,8.48,8.74,7.59,8.3,58400,83.0
2007-08-15,8.32,8.32,7.71,7.75,23700,77.5
2007-08-16,7.75,8.48,7.11,8.47,36300,84.7
2007-08-17,8.74,8.74,7.6,8.04,19200,80.4
2007-08-20,8.04,8.04,7.58,7.9,6500,79.0
2007-08-21,7.83,7.83,7.6,7.79,10100,77.9
2007-08-22,7.81,7.94,7.45,7.57,6800,75.7
2007-08-23,7.6,7.64,7.3,7.53,16800,75.3
2007-08-24,7.55,7.55,7.17,7.49,11600,74.9
2007-08-27,7.5,7.68,7.27,7.43,19000,74.3
2007-08-28,7.4,7.49,7.23,7.42,16100,74.2
2007-08-29,7.48,7.62,7.3,7.6,7200,76.0
2007-08-30,7.59,8.17,7.53,8.04,23300,80.4
2007-08-31,8.15,8.34,8.1,8.21,13200,82.1
2007-09-04,8.22,8.5,7.96,8.49,9700,84.9
2007-09-05,8.43,8.62,8.1,8.6,13000,86.0
2007-09-06,8.59,9.2,8.38,9.2,8500,92.0
2007-09-07,9.08,9.35,8.41,8.81,10300,88.1
2007-09-10,8.83,8.88,8.3,8.43,6600,84.3
2007-09-11,8.4,8.44,8.05,8.32,9300,83.2
2007-09-12,8.31,8.4,7.9,7.94,7300,79.4
2007-09-13,7.99,8.16,7.51,8.09,29600,80.9
2007-09-14,8.03,8.2,7.87,7.88,8100,78.8
2007-09-17,7.88,8.03,7.82,8.01,34700,80.1
2007-09-18,8.02,8.69,7.9,8.52,14000,85.2
2007-09-19,8.55,9.1,8.52,8.97,65400,89.7
2007-09-20,8.94,9.25,8.94,8.99,30700,89.9
2007-09-21,9.07,9.07,8.77,8.79,21400,87.9
2007-09-24,8.77,9.46,8.77,9.21,19100,92.1
2007-09-25,9.09,9.6,9.02,9.39,19500,93.9
2007-09-26,9.42,9.59,9.1,9.14,8800,91.4
2007-09-27,9.16,9.18,8.88,9.1,4900,91.0
2007-09-28,9.06,9.07,8.51,8.66,9700,86.6
2007-10-01,8.64,9.2,8.5,9.03,13000,90.3
2007-10-02,9.06,9.14,8.79,9.1,10800,91.0
2007-10-03,9.01,9.25,8.9,9.14,17400,91.4
2007-10-04,9.19,9.27,8.96,9.11,9500,91.1
2007-10-05,9.22,9.53,9.03,9.4,11000,94.0
2007-10-08,9.34,9.42,9.11,9.27,6500,92.7
2007-10-09,9.19,9.5,9.15,9.42,6000,94.2
2007-10-10,9.38,9.5,9.22,9.5,6100,95.0
2007-10-11,9.55,9.72,9.01,9.05,9800,90.5
2007-10-12,9.04,9.37,8.99,9.24,5800,92.4
2007-10-15,9.22,9.4,8.73,8.91,13800,89.1
2007-10-16,8.85,8.87,8.48,8.52,14100,85.2
2007-10-17,8.63,8.66,8.05,8.13,22200,81.3
2007-10-18,8.0,8.13,7.85,8.01,20300,80.1
2007-10-19,8.0,8.0,7.71,7.86,12700,78.6
2007-10-22,7.79,8.11,7.7,7.97,15200,79.7
2007-10-23,8.0,8.06,7.7,8.06,12700,80.6
2007-10-24,7.97,8.47,7.75,8.43,13500,84.3
2007-10-25,8.5,8.7,8.25,8.26,12600,82.6
2007-10-26,8.41,8.6,8.17,8.28,9400,82.8
2007-10-29,8.29,8.36,7.94,8.05,8400,80.5
2007-10-30,8.03,8.1,7.76,7.93,9300,79.3
2007-10-31,7.88,8.25,7.76,8.14,6800,81.4
2007-11-01,7.99,8.13,7.77,7.84,20300,78.4
2007-11-02,7.8,8.14,7.71,7.94,14500,79.4
2007-11-05,8.1,8.1,7.14,7.42,34500,74.2
2007-11-06,7.48,7.49,7.19,7.48,16700,74.8
2007-11-07,7.34,7.46,7.23,7.29,14400,72.9
2007-11-08,7.37,7.46,7.11,7.44,10900,74.4
2007-11-09,7.24,7.52,7.1,7.28,7900,72.8
2007-11-12,7.28,7.42,7.14,7.32,6200,73.2
2007-11-13,7.41,7.52,7.19,7.41,15700,74.1
2007-11-14,7.49,7.7,7.28,7.44,7300,74.4
2007-11-15,7.43,7.67,7.43,7.53,9300,75.3
2007-11-16,7.57,7.6,7.24,7.29,19500,72.9
2007-11-19,7.2,7.45,7.2,7.34,20500,73.4
2007-11-20,7.38,7.42,7.0,7.22,13000,72.2
2007-11-21,7.19,7.38,7.05,7.33,13800,73.3
2007-11-23,7.4,7.47,7.27,7.27,2900,72.7
2007-11-26,7.27,7.38,7.1,7.21,16300,72.1
2007-11-27,7.25,7.45,7.17,7.4,18500,74.0
2007-11-28,7.49,8.23,7.46,8.21,17100,82.1
2007-11-29,8.13,8.21,7.84,8.0,19600,80.0
2007-11-30,8.16,8.99,8.02,8.76,25100,87.6
2007-12-03,8.78,8.78,7.48,7.6,14300,76.0
2007-12-04,7.51,7.89,7.51,7.73,8700,77.3
2007-12-05,7.93,7.96,7.5,7.54,9200,75.4
2007-12-06,7.53,8.6,7.53,8.6,13200,86.0
2007-12-07,8.61,8.61,8.09,8.29,8900,82.9
2007-12-10,8.29,8.63,8.29,8.47,11900,84.7
2007-12-11,8.55,8.59,7.74,7.74,12200,77.4
2007-12-12,8.04,8.1,7.38,7.56,22400,75.6
2007-12-13,7.47,8.05,7.35,7.88,11900,78.8
2007-12-14,7.71,7.91,7.52,7.54,12000,75.4
2007-12-17,7.48,7.64,7.3,7.31,10700,73.1
2007-12-18,7.41,7.75,7.27,7.67,11100,76.7
2007-12-19,7.66,7.82,7.3,7.56,14100,75.6
2007-12-20,7.66,7.89,7.38,7.84,10900,78.4
2007-12-21,7.98,8.13,7.94,7.98,31800,79.8
2007-12-24,8.12,8.41,8.03,8.41,9100,84.1
2007-12-26,8.41,8.51,8.14,8.5,17100,85.0
2007-12-27,8.5,8.6,8.11,8.12,9800,81.2
2007-12-28,8.5,8.6,8.17,8.26,19700,82.6
2007-12-31,8.25,8.3,7.95,8.09,20500,80.9
2008-01-02,8.06,8.16,7.76,7.9,10000,79.0
2008-01-03,7.94,8.02,7.81,7.93,11900,79.3
2008-01-04,7.81,7.88,7.48,7.5,10500,75.0
2008-01-07,7.5,8.03,7.5,7.7,11800,77.0
2008-01-08,7.72,7.84,7.39,7.4,22200,74.0
2008-01-09,7.34,7.6,7.34,7.58,11400,75.8
2008-01-10,7.47,8.15,7.47,8.05,9900,80.5
2008-01-11,8.0,8.0,7.62,7.62,5800,76.2
2008-01-14,7.7,7.91,7.31,7.75,17200,77.5
2008-01-15,7.63,7.69,7.32,7.33,9200,73.3
2008-01-16,7.28,7.6,7.25,7.52,10000,75.2
2008-01-17,7.53,7.85,7.39,7.59,17600,75.9
2008-01-18,7.51,7.69,6.87,7.19,20400,71.9
2008-01-22,6.89,7.1,6.8,6.9,9400,69.0
2008-01-23,6.73,7.21,6.51,7.0,10800,70.0
2008-01-24,7.04,7.09,6.56,6.74,11300,67.4
2008-01-25,6.85,6.96,6.55,6.59,9800,65.9
2008-01-28,6.56,6.98,6.56,6.67,13700,66.7
2008-01-29,6.72,6.85,6.55,6.57,13700,65.7
2008-01-30,6.51,6.6,6.36,6.4,17300,64.0
2008-01-31,6.34,6.55,6.23,6.3,18800,63.0
2008-02-01,6.32,6.65,6.15,6.61,11500,66.1
2008-02-04,6.58,6.79,6.39,6.6,6800,66.0
2008-02-05,6.65,6.91,6.45,6.59,19600,65.9
2008-02-06,6.66,6.95,6.56,6.67,9200,66.7
2008-02-07,6.64,6.79,6.43,6.73,6000,67.3
2008-02-08,6.69,6.82,6.59,6.73,3800,67.3
2008-02-11,6.74,6.83,6.55,6.8,21900,68.0
2008-02-12,6.85,6.85,6.5,6.59,8100,65.9
2008-02-13,6.67,6.75,6.34,6.6,16900,66.0
2008-02-14,6.62,6.66,6.5,6.53,11000,65.3
2008-02-15,6.55,6.6,6.1,6.37,21800,63.7
2008-02-19,6.47,6.54,6.22,6.49,13400,64.9
2008-02-20,6.43,6.5,6.16,6.45,8500,64.5
2008-02-21,6.51,6.56,6.03,6.18,18700,61.8
2008-02-22,6.19,6.21,5.92,6.07,15700,60.7
2008-02-25,6.1,6.48,5.99,6.24,25900,62.4
2008-02-26,6.17,6.98,6.17,6.94,18500,69.4
2008-02-27,6.86,6.92,6.64,6.76,6800,67.6
2008-02-28,6.69,6.91,6.3,6.42,12100,64.2
2008-02-29,6.3,6.48,6.23,6.32,12100,63.2
2008-03-03,6.6,6.81,6.23,6.48,15400,64.8
2008-03-04,6.39,6.56,6.26,6.42,11800,64.2
2008-03-05,6.53,6.55,6.29,6.46,5800,64.6
2008-03-06,6.4,6.5,6.02,6.1,8500,61.0
2008-03-07,6.02,6.23,5.8,6.07,10800,60.7
2008-03-10,6.14,6.14,5.82,5.92,10400,59.2
2008-03-11,6.14,6.91,5.9,6.85,17700,68.5
2008-03-12,6.77,7.17,6.4,6.98,11300,69.8
2008-03-13,6.89,7.07,6.58,6.99,7200,69.9
2008-03-14,7.05,7.51,6.83,7.38,17900,73.8
2008-03-17,7.16,7.32,6.68,6.85,6100,68.5
2008-03-18,7.27,7.36,5.76,6.79,22400,67.9
2008-03-19,6.75,7.0,6.24,6.62,22500,66.2
2008-03-20,6.74,6.95,6.26,6.91,30700,69.1
2008-03-24,6.94,7.28,6.75,7.01,10800,70.1
2008-03-25,7.02,7.3,6.9,6.98,7300,69.8
2008-03-26,6.93,7.25,6.76,6.92,6200,69.2
2008-03-27,6.94,7.33,6.94,7.09,9700,70.9
2008-03-28,7.05,7.25,6.6,6.66,5800,66.6
2008-03-31,6.7,7.18,6.51,6.88,7200,68.8
2008-04-01,7.09,7.46,6.97,7.43,6000,74.3
2008-04-02,7.41,7.55,7.24,7.28,9000,72.8
2008-04-03,7.2,7.5,6.96,7.06,6800,70.6
2008-04-04,7.03,7.3,6.92,7.11,6800,71.1
2008-04-07,7.12,7.26,6.93,6.96,5200,69.6
2008-04-08,6.87,7.17,6.68,7.13,4300,71.3
2008-04-09,7.15,7.17,6.28,6.45,11700,64.5
2008-04-10,6.44,6.97,6.44,6.58,12700,65.8
2008-04-11,6.51,6.65,6.37,6.43,8100,64.3
2008-04-14,6.42,6.93,6.42,6.74,9500,67.4
2008-04-15,6.79,6.79,6.42,6.54,7300,65.4
2008-04-16,6.62,6.74,6.45,6.6,6100,66.0
2008-04-17,6.56,6.8,6.49,6.5,3600,65.0
2008-04-18,6.67,7.06,6.54,6.75,5000,67.5
2008-04-21,6.7,7.0,6.48,6.91,8600,69.1
2008-04-22,6.81,6.83,6.62,6.68,3400,66.8
2008-04-23,6.72,6.95,6.67,6.76,2000,67.6
2008-04-24,6.79,6.79,6.5,6.54,11100,65.4
2008-04-25,6.56,6.71,6.35,6.71,7400,67.1
2008-04-28,6.67,6.9,6.59,6.67,5100,66.7
2008-04-29,6.69,7.09,6.52,6.55,7000,65.5
2008-04-30,6.6,6.73,6.4,6.63,7200,66.3
2008-05-01,6.41,6.8,6.41,6.74,7400,67.4
2008-05-02,6.8,6.8,6.41,6.55,10900,65.5
2008-05-05,6.62,6.69,6.43,6.66,8600,66.6
2008-05-06,6.61,6.68,6.41,6.52,4200,65.2
2008-05-07,6.53,6.59,6.33,6.36,9100,63.6
2008-05-08,6.4,6.65,6.15,6.19,11600,61.9
2008-05-09,6.15,6.23,6.01,6.23,5800,62.3
2008-05-12,6.23,6.28,5.88,6.08,9000,60.8
2008-05-13,6.03,6.1,5.9,5.93,6800,59.3
2008-05-14,5.95,6.15,5.52,5.53,23400,55.3
2008-05-15,5.96,6.09,5.55,5.85,9700,58.5
2008-05-16,5.91,6.11,5.55,5.64,13100,56.4
2008-05-19,5.61,6.0,5.6,5.94,14500,59.4
2008-05-20,5.89,5.89,5.6,5.63,8200,56.3
2008-05-21,5.78,5.88,5.39,5.63,10500,56.3
2008-05-22,5.65,5.79,5.61,5.72,6700,57.2
2008-05-23,5.68,5.8,4.83,5.48,32500,54.8
2008-05-27,5.48,5.48,5.25,5.33,7500,53.3
2008-05-28,5.36,5.46,5.11,5.39,6800,53.9
2008-05-29,5.35,5.68,5.35,5.47,9200,54.7
2008-05-30,5.46,5.73,5.11,5.12,23100,51.2
2008-06-02,5.14,5.18,4.75,4.78,18700,47.8
2008-06-03,4.81,4.98,4.78,4.88,11000,48.8
2008-06-04,4.85,4.94,4.64,4.89,16800,48.9
2008-06-05,4.92,5.13,4.87,5.11,18500,51.1
2008-06-06,5.07,5.07,4.74,4.74,7700,47.4
2008-06-09,4.73,5.08,4.73,4.81,13500,48.1
2008-06-10,4.41,4.79,4.11,4.13,32000,41.3
2008-06-11,4.13,4.22,3.99,4.06,21200,40.6
2008-06-12,4.08,4.25,4.05,4.06,24900,40.6
2008-06-13,4.11,4.24,4.11,4.23,6000,42.3
2008-06-16,4.2,4.28,4.05,4.21,8700,42.1
2008-06-17,4.2,4.28,4.04,4.09,13100,40.9
2008-06-18,4.06,4.21,3.96,4.06,22500,40.6
2008-06-19,4.03,4.4,4.0,4.37,24400,43.7
2008-06-20,4.35,4.36,4.14,4.36,37100,43.6
2008-06-23,4.38,4.59,4.35,4.41,6500,44.1
2008-06-24,4.37,4.5,4.2,4.25,5600,42.5
2008-06-25,4.24,4.47,4.24,4.33,7200,43.3
2008-06-26,4.21,4.21,4.01,4.08,10400,40.8
2008-06-27,4.06,4.1,3.94,4.05,59600,40.5
2008-06-30,4.04,4.04,3.75,3.94,18800,39.4
2008-07-01,3.88,4.24,3.85,4.24,10400,42.4
2008-07-02,4.21,4.21,3.93,3.98,10800,39.8
2008-07-03,4.0,4.23,3.93,4.06,4600,40.6
2008-07-07,4.1,4.1,3.93,4.01,7900,40.1
2008-07-08,4.02,4.46,3.94,4.43,11800,44.3
2008-07-09,4.4,4.67,4.25,4.35,10000,43.5
2008-07-10,4.32,4.52,4.32,4.39,8000,43.9
2008-07-11,4.34,4.45,4.21,4.45,9200,44.5
2008-07-14,4.47,4.66,4.06,4.07,9200,40.7
2008-07-15,4.05,4.48,4.05,4.38,13200,43.8
2008-07-16,4.4,4.76,4.23,4.67,12700,46.7
2008-07-17,4.68,4.75,4.51,4.73,12000,47.3
2008-07-18,4.76,4.77,4.51,4.69,13700,46.9
2008-07-21,4.72,4.98,4.68,4.87,4700,48.7
2008-07-22,4.86,5.32,4.71,5.3,7400,53.0
2008-07-23,5.28,5.49,5.22,5.39,3600,53.9
2008-07-24,5.42,6.0,5.31,5.64,10400,56.4
2008-07-25,5.73,5.8,5.19,5.22,8800,52.2
2008-07-28,5.15,5.5,5.15,5.26,8700,52.6
2008-07-29,5.28,5.35,5.08,5.19,6000,51.9
2008-07-30,5.24,5.9,5.02,5.86,7900,58.6
2008-07-31,5.72,6.0,5.68,5.88,5800,58.8
2008-08-01,5.9,6.12,5.68,6.07,7800,60.7
2008-08-04,6.08,6.11,5.87,6.06,7400,60.6
2008-08-05,6.09,6.09,5.79,6.03,6600,60.3
2008-08-06,6.0,6.18,5.53,6.0,8500,60.0
2008-08-07,4.62,5.81,4.6,4.77,20300,47.7
2008-08-08,4.79,5.53,4.69,5.52,14700,55.2
2008-08-11,5.58,6.02,5.52,5.86,18200,58.6
2008-08-12,6.1,6.1,5.68,5.85,7600,58.5
2008-08-13,5.85,6.1,5.39,5.95,8300,59.5
2008-08-14,5.9,6.0,5.78,5.95,3800,59.5
2008-08-15,6.08,6.14,5.84,5.92,6700,59.2
2008-08-18,5.92,6.09,5.73,5.83,4000,58.3
2008-08-19,5.86,6.05,5.86,6.02,8800,60.2
2008-08-20,6.03,6.2,5.86,6.1,11800,61.0
2008-08-21,6.03,6.07,5.43,5.44,9600,54.4
2008-08-22,5.49,5.55,4.9,5.52,9600,55.2
2008-08-25,5.5,5.77,5.03,5.2,3800,52.0
2008-08-26,5.21,5.42,5.04,5.22,2400,52.2
2008-08-27,5.23,5.38,5.01,5.06,4700,50.6
2008-08-28,5.07,6.0,5.05,5.97,10700,59.7
2008-08-29,5.94,5.94,5.28,5.31,7700,53.1
2008-09-02,5.44,5.58,5.2,5.41,5500,54.1
2008-09-03,6.0,6.09,5.5,5.66,23200,56.6
2008-09-04,5.6,5.65,5.17,5.3,8500,53.0
2008-09-05,5.3,5.64,5.27,5.45,8700,54.5
2008-09-08,5.6,5.79,5.33,5.78,6000,57.8
2008-09-09,5.82,5.82,5.37,5.37,6700,53.7
2008-09-10,5.5,5.7,5.21,5.26,13300,52.6
2008-09-11,5.29,5.65,5.03,5.19,12300,51.9
2008-09-12,5.13,5.26,4.9,5.06,6400,50.6
2008-09-15,4.89,5.23,4.87,4.87,7500,48.7
2008-09-16,4.78,5.18,4.63,5.02,12900,50.2
2008-09-17,4.87,4.98,4.31,4.71,18700,47.1
2008-09-18,4.42,5.21,4.25,5.09,33600,50.9
2008-09-19,5.49,5.49,4.84,4.98,60900,49.8
2008-09-22,4.96,5.17,4.89,5.03,7000,50.3
2008-09-23,5.1,5.14,4.82,4.89,3100,48.9
2008-09-24,4.91,5.12,4.74,4.74,4700,47.4
2008-09-25,4.72,5.3,4.6,5.08,21400,50.8
2008-09-26,4.96,5.13,4.96,5.01,12500,50.1
2008-09-29,4.88,5.2,4.88,4.92,17200,49.2
2008-09-30,4.98,5.0,4.87,4.94,6900,49.4
2008-10-01,4.76,4.91,4.65,4.68,5500,46.8
2008-10-02,4.65,4.89,4.26,4.35,7600,43.5
2008-10-03,4.42,4.45,3.95,3.98,20100,39.8
2008-10-06,3.89,4.5,3.77,4.11,15500,41.1
2008-10-07,4.19,4.35,3.8,3.84,8500,38.4
2008-10-08,3.7,4.66,3.7,4.01,22200,40.1
2008-10-09,4.1,4.59,3.65,3.79,20000,37.9
2008-10-10,3.64,3.95,3.02,3.65,21500,36.5
2008-10-13,3.94,4.3,3.87,3.93,7900,39.3
2008-10-14,4.02,4.2,3.2,3.44,12900,34.4
2008-10-15,3.4,3.57,2.96,2.96,14600,29.6
2008-10-16,3.0,3.43,2.83,3.39,28400,33.9
2008-10-17,3.25,3.67,3.1,3.15,39300,31.5
2008-10-20,3.22,3.42,3.02,3.15,26600,31.5
2008-10-21,3.08,3.28,2.89,2.89,6000,28.9
2008-10-22,2.84,3.01,2.8,2.86,26000,28.6
2008-10-23,2.8,2.82,2.58,2.71,11700,27.1
2008-10-24,2.58,2.73,2.52,2.61,4000,26.1
2008-10-27,2.62,2.7,2.24,2.25,4000,22.5
2008-10-28,2.3,2.72,2.2,2.53,35300,25.3
2008-10-29,2.5,2.88,2.28,2.49,20300,24.9
2008-10-30,2.57,2.75,2.48,2.61,12600,26.1
2008-10-31,2.63,3.2,2.5,2.85,10000,28.5
2008-11-03,2.58,2.77,2.19,2.22,27500,22.2
2008-11-04,2.25,2.48,2.03,2.17,36900,21.7
2008-11-05,2.14,2.25,2.0,2.0,50200,20.0
2008-11-06,2.0,2.1,1.95,1.98,8300,19.8
2008-11-07,2.13,2.49,2.13,2.39,16600,23.9
2008-11-10,2.47,2.53,2.25,2.38,12800,23.8
2008-11-11,2.37,2.52,2.2,2.45,4600,24.5
2008-11-12,2.4,2.4,1.94,2.02,10800,20.2
2008-11-13,2.03,2.55,2.0,2.49,9500,24.9
2008-11-14,2.43,2.43,2.02,2.02,4100,20.2
2008-11-17,2.0,2.09,2.0,2.02,1700,20.2
2008-11-18,2.03,2.08,2.0,2.06,6000,20.6
2008-11-19,2.11,2.11,1.82,1.83,4900,18.3
2008-11-20,1.87,2.4,1.52,1.57,7900,15.7
2008-11-21,1.6,1.81,1.16,1.77,17100,17.7
2008-11-24,1.75,1.91,1.43,1.91,6900,19.1
2008-11-25,1.94,1.94,1.62,1.85,3900,18.5
2008-11-26,1.81,1.81,1.59,1.75,6900,17.5
2008-11-28,1.71,1.83,1.64,1.8,6900,18.0
2008-12-01,1.74,1.8,1.3,1.4,17500,14.0
2008-12-02,1.44,1.54,1.3,1.54,10000,15.4
2008-12-03,1.49,1.69,1.43,1.6,5600,16.0
2008-12-04,1.56,1.66,1.43,1.45,13800,14.5
2008-12-05,1.42,1.54,1.31,1.51,4400,15.1
2008-12-08,1.63,1.65,1.45,1.49,10500,14.9
2008-12-09,1.51,1.75,1.42,1.45,6400,14.5
2008-12-10,1.58,1.92,1.58,1.92,25500,19.2
2008-12-11,1.88,2.4,1.87,2.13,26400,21.3
2008-12-12,2.07,2.6,2.03,2.6,8600,26.0
2008-12-15,2.61,2.74,2.53,2.64,10700,26.4
2008-12-16,2.72,3.23,2.71,3.1,20500,31.0
2008-12-17,3.05,3.28,2.95,3.14,13200,31.4
2008-12-18,3.15,3.53,3.15,3.35,8500,33.5
2008-12-19,3.49,3.49,3.19,3.27,26200,32.7
2008-12-22,3.25,3.33,2.97,3.0,9500,30.0
2008-12-23,3.02,3.14,2.8,3.06,8200,30.6
2008-12-24,3.06,3.12,3.06,3.1,3400,31.0
2008-12-26,3.13,3.2,2.96,3.17,4400,31.7
2008-12-29,3.14,3.17,2.89,2.91,3100,29.1
2008-12-30,2.97,3.09,2.9,3.07,5400,30.7
2008-12-31,3.09,3.19,2.98,3.17,9000,31.7
2009-01-02,3.17,3.35,3.05,3.13,6500,31.3
2009-01-05,3.14,3.3,3.06,3.17,6100,31.7
2009-01-06,3.2,3.4,3.2,3.32,7000,33.2
2009-01-07,3.3,3.36,3.18,3.26,7400,32.6
2009-01-08,3.25,3.37,3.05,3.32,7000,33.2
2009-01-09,3.31,3.31,3.0,3.0,5300,30.0
2009-01-12,3.01,3.26,2.79,2.79,5300,27.9
2009-01-13,2.79,3.02,2.79,3.01,2900,30.1
2009-01-14,2.95,2.99,2.78,2.78,4900,27.8
2009-01-15,2.78,3.14,2.75,3.0,6800,30.0
2009-01-16,3.02,3.12,3.0,3.04,7500,30.4
2009-01-20,3.0,3.05,2.68,2.68,6200,26.8
2009-01-21,2.75,3.2,2.71,3.13,7100,31.3
2009-01-22,3.02,3.02,2.8,2.81,3600,28.1
2009-01-23,2.71,2.89,2.71,2.83,7000,28.3
2009-01-26,2.84,3.15,2.84,3.05,6200,30.5
2009-01-27,3.08,3.2,2.92,3.04,5000,30.4
2009-01-28,3.05,3.3,3.05,3.3,7300,33.0
2009-01-29,3.23,3.3,2.86,2.88,5700,28.8
2009-01-30,2.91,3.29,2.77,2.89,15200,28.9
2009-02-02,2.82,3.15,2.82,2.99,9500,29.9
2009-02-03,3.15,3.18,2.87,2.97,9000,29.7
2009-02-04,2.98,3.0,2.65,2.68,11300,26.8
2009-02-05,2.66,2.75,2.48,2.5,8300,25.0
2009-02-06,2.5,2.61,2.47,2.58,5100,25.8
2009-02-09,2.57,2.64,2.4,2.6,6100,26.0
2009-02-10,2.58,2.68,2.5,2.52,6000,25.2
2009-02-11,2.54,2.62,2.29,2.29,5000,22.9
2009-02-12,2.25,2.3,2.19,2.26,4500,22.6
2009-02-13,2.26,2.46,2.13,2.19,4300,21.9
2009-02-17,2.0,2.62,1.93,2.18,7500,21.8
2009-02-18,2.22,2.42,2.19,2.22,3300,22.2
2009-02-19,2.25,2.44,2.14,2.16,3300,21.6
2009-02-20,2.1,2.35,2.08,2.15,5400,21.5
2009-02-23,2.18,2.28,2.08,2.1,4600,21.0
2009-02-24,2.15,2.15,2.01,2.1,11700,21.0
2009-02-25,2.07,2.08,1.78,1.78,7300,17.8
2009-02-26,1.8,1.86,1.69,1.75,4000,17.5
2009-02-27,1.7,1.74,1.54,1.6,5900,16.0
2009-03-02,1.75,1.76,1.4,1.4,11700,14.0
2009-03-03,1.41,1.85,1.41,1.76,13700,17.6
2009-03-04,1.82,1.9,1.74,1.77,5800,17.7
2009-03-05,1.76,1.93,1.47,1.5,7400,15.0
2009-03-06,1.49,1.93,1.47,1.82,9800,18.2
2009-03-09,1.82,1.99,1.63,1.71,4500,17.1
2009-03-10,1.85,2.18,1.81,1.96,11800,19.6
2009-03-11,1.98,2.1,1.72,1.78,6700,17.8
2009-03-12,1.77,2.0,1.73,2.0,9300,20.0
2009-03-13,2.01,2.07,1.61,1.98,8600,19.8
2009-03-16,2.0,2.0,1.86,1.92,7800,19.2
2009-03-17,1.91,2.01,1.84,2.01,5900,20.1
2009-03-18,2.0,2.14,1.98,2.1,6600,21.0
2009-03-19,2.1,2.2,1.99,2.12,8600,21.2
2009-03-20,2.15,2.39,2.15,2.23,16000,22.3
2009-03-23,2.32,2.35,2.22,2.29,10100,22.9
2009-03-24,2.25,2.28,2.14,2.17,5600,21.7
2009-03-25,2.14,2.35,2.11,2.25,8200,22.5
2009-03-26,2.36,2.52,2.33,2.52,7300,25.2
2009-03-27,2.39,2.54,2.26,2.33,8400,23.3
2009-03-30,2.25,2.25,1.99,2.22,4700,22.2
2009-03-31,2.27,2.37,2.05,2.21,3800,22.1
2009-04-01,2.16,2.45,2.11,2.25,4200,22.5
2009-04-02,2.31,2.53,2.01,2.11,15500,21.1
2009-04-03,2.11,2.16,2.0,2.08,5700,20.8
2009-04-06,1.66,2.1,1.5,1.97,11200,19.7
2009-04-07,1.92,2.05,1.76,1.76,18400,17.6
2009-04-08,1.79,2.05,1.79,2.05,10200,20.5
2009-04-09,2.09,2.17,1.91,1.96,13400,19.6
2009-04-13,1.93,2.01,1.88,1.9,5100,19.0
2009-04-14,1.87,1.9,1.74,1.74,10700,17.4
2009-04-15,1.7,1.82,1.7,1.8,3700,18.0
2009-04-16,1.83,1.91,1.71,1.83,4000,18.3
2009-04-17,1.88,1.96,1.83,1.91,7000,19.1
2009-04-20,1.9,1.97,1.81,1.95,10900,19.5
2009-04-21,1.95,2.0,1.94,2.0,3500,20.0
2009-04-22,1.94,1.94,1.8,1.85,8900,18.5
2009-04-23,1.84,1.86,1.71,1.77,9700,17.7
2009-04-24,1.75,1.94,1.73,1.78,8900,17.8
2009-04-27,1.7,1.87,1.7,1.75,7000,17.5
2009-04-28,1.72,1.87,1.56,1.72,11000,17.2
2009-04-29,1.7,1.8,1.66,1.69,6700,16.9
2009-04-30,1.65,1.8,1.62,1.66,9700,16.6
2009-05-01,1.58,1.63,1.54,1.55,21700,15.5
2009-05-04,1.63,1.66,1.56,1.58,17800,15.8
2009-05-05,1.62,1.64,1.57,1.57,7100,15.7
2009-05-06,1.65,1.77,1.62,1.64,15500,16.4
2009-05-07,1.75,1.75,1.67,1.69,10000,16.9
2009-05-08,1.72,1.78,1.66,1.75,12000,17.5
2009-05-11,1.76,1.83,1.62,1.73,16800,17.3
2009-05-12,1.84,1.84,1.65,1.7,10100,17.0
2009-05-13,1.66,1.72,1.65,1.68,8200,16.8
2009-05-14,1.7,1.79,1.65,1.78,6100,17.8
2009-05-15,1.78,1.93,1.73,1.93,9600,19.3
2009-05-18,1.92,1.99,1.91,1.99,13100,19.9
2009-05-19,2.0,2.0,1.78,1.83,13500,18.3
2009-05-20,1.86,1.95,1.76,1.87,7100,18.7
2009-05-21,1.83,1.84,1.78,1.81,7200,18.1
2009-05-22,1.83,1.9,1.75,1.83,7300,18.3
2009-05-26,1.81,1.99,1.8,1.99,6100,19.9
2009-05-27,1.98,1.99,1.91,1.91,4300,19.1
2009-05-28,1.94,2.1,1.92,2.06,17400,20.6
2009-05-29,2.1,2.15,1.85,2.09,15100,20.9
2009-06-01,1.99,2.22,1.96,2.03,12700,20.3
2009-06-02,2.03,2.04,2.0,2.02,8300,20.2
2009-06-03,2.0,2.02,1.76,1.89,10700,18.9
2009-06-04,1.91,1.95,1.8,1.85,10000,18.5
2009-06-05,1.85,1.85,1.72,1.77,18600,17.7
2009-06-08,1.71,1.79,1.69,1.71,12500,17.1
2009-06-09,1.75,1.79,1.64,1.7,15300,17.0
2009-06-10,1.72,1.78,1.65,1.72,10400,17.2
2009-06-11,1.73,1.85,1.7,1.76,6700,17.6
2009-06-12,1.75,1.76,1.69,1.73,6900,17.3
2009-06-15,1.75,1.84,1.7,1.72,10900,17.2
2009-06-16,1.85,3.25,1.82,2.6,345600,26.0
2009-06-17,2.8,2.92,2.6,2.6,156000,26.0
2009-06-18,2.61,2.77,2.16,2.5,49400,25.0
2009-06-19,2.54,2.6,2.3,2.52,38500,25.2
2009-06-22,2.52,2.7,2.4,2.6,36000,26.0
2009-06-23,2.67,2.67,2.41,2.51,18300,25.1
2009-06-24,2.53,2.69,2.46,2.54,15900,25.4
2009-06-25,2.53,2.77,2.53,2.7,23900,27.0
2009-06-26,2.67,2.71,2.39,2.47,350100,24.7
2009-06-29,2.44,2.57,2.25,2.4,34000,24.0
2009-06-30,2.36,2.41,2.3,2.37,16900,23.7
2009-07-01,2.37,2.47,2.33,2.43,15500,24.3
2009-07-02,2.35,2.51,2.3,2.36,11600,23.6
2009-07-06,2.33,2.41,2.26,2.37,16900,23.7
2009-07-07,2.32,2.4,2.25,2.25,16300,22.5
2009-07-08,2.33,2.35,2.15,2.18,20600,21.8
2009-07-09,2.18,2.24,2.07,2.08,10900,20.8
2009-07-10,2.02,2.15,1.9,2.06,13500,20.6
2009-07-13,2.07,2.1,2.02,2.06,9200,20.6
2009-07-14,2.02,2.08,2.0,2.02,6100,20.2
2009-07-15,2.07,2.14,2.0,2.11,16100,21.1
2009-07-16,2.11,2.12,2.0,2.07,8100,20.7
2009-07-17,2.05,2.15,2.04,2.15,9900,21.5
2009-07-20,2.16,2.3,2.16,2.25,24700,22.5
2009-07-21,2.31,2.31,2.22,2.29,9000,22.9
2009-07-22,2.25,2.45,2.2,2.31,14000,23.1
2009-07-23,2.3,2.35,2.22,2.25,10400,22.5
2009-07-24,2.26,2.39,2.26,2.38,14400,23.8
2009-07-27,2.38,2.39,2.3,2.37,8800,23.7
2009-07-28,2.37,2.4,2.26,2.33,12100,23.3
2009-07-29,2.35,2.65,2.34,2.6,39300,26.0
2009-07-30,2.61,2.75,2.6,2.69,26500,26.9
2009-07-31,2.74,2.75,2.49,2.64,14200,26.4
2009-08-03,2.72,2.75,2.51,2.61,13700,26.1
2009-08-04,2.63,2.75,2.56,2.67,11000,26.7
2009-08-05,2.62,2.73,2.53,2.55,10200,25.5
2009-08-06,2.55,2.58,2.25,2.35,23200,23.5
2009-08-07,2.45,2.48,2.3,2.45,9100,24.5
2009-08-10,2.5,2.5,2.42,2.48,7100,24.8
2009-08-11,2.48,2.48,2.3,2.38,10600,23.8
2009-08-12,2.37,2.5,2.3,2.47,6200,24.7
2009-08-13,2.5,2.64,2.45,2.6,15600,26.0
2009-08-14,2.58,2.64,2.44,2.5,4600,25.0
2009-08-17,2.5,2.5,2.35,2.4,5300,24.0
2009-08-18,2.41,2.5,2.37,2.43,5500,24.3
2009-08-19,2.49,2.55,2.37,2.55,6500,25.5
2009-08-20,2.55,2.67,2.51,2.54,4200,25.4
2009-08-21,2.58,2.65,2.51,2.59,6100,25.9
2009-08-24,2.56,2.73,2.56,2.64,10500,26.4
2009-08-25,2.62,2.73,2.62,2.71,6800,27.1
2009-08-26,2.75,2.88,2.69,2.8,10800,28.0
2009-08-27,2.81,2.9,2.72,2.77,4500,27.7
2009-08-28,2.77,2.79,2.6,2.7,9400,27.0
2009-08-31,2.73,2.73,2.6,2.65,2800,26.5
2009-09-01,2.6,2.62,2.53,2.56,8200,25.6
2009-09-02,2.58,2.62,2.52,2.6,3600,26.0
2009-09-03,2.57,2.69,2.54,2.69,3400,26.9
2009-09-04,2.65,2.75,2.65,2.74,3000,27.4
2009-09-08,2.75,2.77,2.67,2.77,4300,27.7
2009-09-09,2.73,3.01,2.65,2.91,25300,29.1
2009-09-10,2.83,2.9,2.7,2.9,13300,29.0
2009-09-11,2.97,2.98,2.82,2.9,15600,29.0
2009-09-14,2.25,2.69,2.03,2.56,100200,25.6
2009-09-15,2.52,2.56,2.42,2.47,22100,24.7
2009-09-16,2.55,2.59,2.26,2.29,23900,22.9
2009-09-17,2.25,2.5,2.25,2.42,22300,24.2
2009-09-18,2.46,2.5,2.34,2.49,12300,24.9
2009-09-21,2.5,2.5,2.31,2.35,12300,23.5
2009-09-22,2.41,2.44,2.29,2.37,6400,23.7
2009-09-23,2.34,2.48,2.32,2.34,4200,23.4
2009-09-24,2.31,2.41,2.22,2.28,9600,22.8
2009-09-25,2.27,2.42,2.25,2.37,8500,23.7
2009-09-28,2.4,2.44,2.33,2.33,3000,23.3
2009-09-29,2.32,2.36,2.27,2.32,2400,23.2
2009-09-30,2.39,2.39,2.08,2.25,29100,22.5
2009-10-01,2.2,2.3,2.08,2.29,17800,22.9
2009-10-02,2.26,2.29,2.17,2.22,6100,22.2
2009-10-05,2.19,2.35,2.18,2.29,6600,22.9
2009-10-06,2.26,2.34,2.25,2.33,11700,23.3
2009-10-07,2.48,2.53,2.38,2.42,16600,24.2
2009-10-08,2.44,2.44,2.31,2.37,6400,23.7
2009-10-09,2.39,2.47,2.33,2.39,5300,23.9
2009-10-12,2.41,2.45,2.37,2.45,16800,24.5
2009-10-13,2.44,2.47,2.42,2.43,9900,24.3
2009-10-14,2.44,2.45,2.38,2.44,6000,24.4
2009-10-15,2.44,2.44,2.34,2.4,4400,24.0
2009-10-16,2.41,2.45,2.34,2.43,6700,24.3
2009-10-19,2.47,2.48,2.38,2.48,6500,24.8
2009-10-20,2.48,2.48,2.39,2.46,6400,24.6
2009-10-21,2.44,2.49,2.4,2.43,5700,24.3
2009-10-22,2.38,2.47,2.38,2.47,5000,24.7
2009-10-23,2.5,2.5,2.36,2.4,7200,24.0
2009-10-26,2.36,2.4,2.23,2.26,6900,22.6
2009-10-27,2.31,2.34,2.26,2.29,5000,22.9
2009-10-28,2.27,2.29,2.11,2.15,9200,21.5
2009-10-29,2.15,2.15,2.05,2.1,8200,21.0
2009-10-30,2.06,2.14,2.06,2.14,5800,21.4
2009-11-02,2.1,2.1,1.93,2.02,21300,20.2
2009-11-03,2.06,2.2,2.0,2.15,15700,21.5
2009-11-04,2.09,2.32,2.08,2.08,9400,20.8
2009-11-05,2.19,2.19,2.08,2.08,7100,20.8
2009-11-06,2.08,2.13,2.06,2.1,11600,21.0
2009-11-09,2.17,2.32,2.04,2.07,15900,20.7
2009-11-10,2.07,2.1,2.0,2.07,7700,20.7
2009-11-11,2.16,2.19,2.12,2.15,26000,21.5
2009-11-12,2.14,2.15,2.1,2.1,8700,21.0
2009-11-13,2.15,2.2,2.13,2.15,7600,21.5
2009-11-16,2.23,2.3,2.2,2.23,13400,22.3
2009-11-17,2.24,2.25,2.18,2.24,5000,22.4
2009-11-18,2.25,2.27,2.24,2.25,18600,22.5
2009-11-19,2.23,2.27,2.22,2.22,4800,22.2
2009-11-20,2.23,2.28,2.19,2.28,2900,22.8
2009-11-23,2.27,2.28,2.23,2.24,7500,22.4
2009-11-24,2.23,2.31,2.17,2.31,6100,23.1
2009-11-25,2.24,2.37,2.24,2.25,13700,22.5
2009-11-27,2.15,2.28,2.15,2.23,8100,22.3
2009-11-30,2.27,2.28,2.16,2.2,16400,22.0
2009-12-01,2.25,2.25,2.21,2.22,1800,22.2
2009-12-02,2.22,2.35,2.19,2.23,10300,22.3
2009-12-03,2.24,2.29,2.17,2.21,5500,22.1
2009-12-04,2.2,2.21,2.15,2.17,4500,21.7
2009-12-07,2.25,2.25,2.17,2.2,3600,22.0
2009-12-08,2.21,2.26,2.16,2.2,5900,22.0
2009-12-09,2.17,2.24,2.16,2.17,5900,21.7
2009-12-10,2.19,2.23,2.17,2.23,4000,22.3
2009-12-11,2.24,2.25,2.19,2.25,4100,22.5
2009-12-14,2.25,2.38,2.25,2.29,15900,22.9
2009-12-15,2.34,2.55,2.3,2.55,31500,25.5
2009-12-16,2.5,2.5,2.26,2.35,28600,23.5
2009-12-17,2.27,2.33,2.15,2.16,14700,21.6
2009-12-18,2.19,2.21,2.05,2.05,44400,20.5
2009-12-21,2.1,2.31,2.05,2.23,13200,22.3
2009-12-22,2.28,2.29,2.22,2.29,4900,22.9
2009-12-23,2.3,2.35,2.25,2.31,9600,23.1
2009-12-24,2.28,2.28,2.19,2.21,3600,22.1
2009-12-28,2.22,2.37,2.16,2.37,5500,23.7
2009-12-29,2.38,2.39,2.21,2.31,5600,23.1
2009-12-30,2.26,2.29,2.19,2.28,5100,22.8
2009-12-31,2.28,2.4,2.26,2.4,5500,24.0
2010-01-04,2.4,2.49,2.32,2.46,16700,24.6
2010-01-05,2.48,2.55,2.44,2.46,11800,24.6
2010-01-06,2.48,2.61,2.47,2.55,13400,25.5
2010-01-07,2.52,2.64,2.45,2.64,15100,26.4
2010-01-08,2.64,2.7,2.58,2.6,12800,26.0
2010-01-11,2.64,2.64,2.5,2.57,8400,25.7
2010-01-12,2.56,2.56,2.38,2.42,11300,24.2
2010-01-13,2.39,2.42,2.37,2.37,5800,23.7
2010-01-14,2.41,2.6,2.41,2.51,6300,25.1
2010-01-15,2.54,2.56,2.47,2.53,4800,25.3
2010-01-19,2.56,2.67,2.5,2.63,10600,26.3
2010-01-20,2.65,2.7,2.55,2.6,14900,26.0
2010-01-21,2.63,2.65,2.48,2.55,9200,25.5
2010-01-22,2.58,2.58,2.45,2.47,9200,24.7
2010-01-25,2.47,2.53,2.39,2.47,6600,24.7
2010-01-26,2.46,2.49,2.38,2.38,21300,23.8
2010-01-27,2.49,2.65,2.39,2.65,25700,26.5
2010-01-28,2.59,2.61,2.48,2.6,4100,26.0
2010-01-29,2.52,2.75,2.5,2.6,6100,26.0
2010-02-01,2.79,2.8,2.64,2.71,10900,27.1
2010-02-02,2.96,2.96,2.68,2.75,8400,27.5
2010-02-03,2.77,2.77,2.7,2.71,7000,27.1
2010-02-04,2.73,2.75,2.7,2.73,10800,27.3
2010-02-05,2.74,2.75,2.66,2.7,4700,27.0
2010-02-08,2.74,2.74,2.62,2.65,5400,26.5
2010-02-09,2.66,2.75,2.59,2.67,2500,26.7
2010-02-10,2.85,2.9,2.3,2.62,128100,26.2
2010-02-11,2.7,2.84,2.5,2.82,62100,28.2
2010-02-12,2.78,2.81,2.74,2.8,13900,28.0
2010-02-16,2.84,2.84,2.65,2.65,12400,26.5
2010-02-17,2.74,2.8,2.67,2.8,7700,28.0
2010-02-18,2.79,2.8,2.68,2.77,8500,27.7
2010-02-19,2.75,2.8,2.7,2.74,6900,27.4
2010-02-22,2.71,2.85,2.54,2.81,20600,28.1
2010-02-23,2.76,2.81,2.68,2.76,4400,27.6
2010-02-24,2.73,2.83,2.71,2.83,6200,28.3
2010-02-25,2.8,2.9,2.8,2.81,13200,28.1
2010-02-26,2.84,2.88,2.61,2.61,25800,26.1
2010-03-01,2.65,2.79,2.65,2.75,12100,27.5
2010-03-02,2.79,2.86,2.75,2.84,10400,28.4
2010-03-03,2.89,2.92,2.8,2.88,15100,28.8
2010-03-04,2.91,2.91,2.83,2.88,8400,28.8
2010-03-05,2.86,2.92,2.86,2.9,5700,29.0
2010-03-08,2.92,2.92,2.85,2.85,3600,28.5
2010-03-09,2.85,2.85,2.58,2.72,24000,27.2
2010-03-10,2.7,2.84,2.6,2.76,5700,27.6
2010-03-11,2.72,2.78,2.72,2.78,4200,27.8
2010-03-12,2.78,2.84,2.7,2.82,6300,28.2
2010-03-15,2.84,2.92,2.8,2.88,11800,28.8
2010-03-16,2.87,2.91,2.85,2.9,7500,29.0
2010-03-17,2.92,2.92,2.86,2.88,28100,28.8
2010-03-18,2.9,2.91,2.84,2.91,3000,29.1
2010-03-19,2.9,2.9,2.79,2.9,7200,29.0
2010-03-22,2.84,2.9,2.78,2.9,5200,29.0
2010-03-23,2.89,2.89,2.84,2.87,2200,28.7
2010-03-24,2.85,2.86,2.82,2.83,1400,28.3
2010-03-25,2.83,2.83,2.76,2.76,3000,27.6
2010-03-26,2.74,2.82,2.68,2.68,5900,26.8
2010-03-29,2.75,2.82,2.7,2.82,3700,28.2
2010-03-30,2.85,2.85,2.75,2.75,1300,27.5
2010-03-31,2.71,2.78,2.68,2.69,4600,26.9
2010-04-01,2.74,2.79,2.65,2.79,3600,27.9
2010-04-05,2.8,2.85,2.75,2.78,5400,27.8
2010-04-06,2.83,2.94,2.7,2.93,22300,29.3
2010-04-07,2.89,2.91,2.81,2.88,3300,28.8
2010-04-08,2.88,2.93,2.88,2.93,7000,29.3
2010-04-09,2.93,2.95,2.9,2.95,7700,29.5
2010-04-12,2.93,3.0,2.91,2.93,17300,29.3
2010-04-13,2.93,3.0,2.93,2.97,6000,29.7
2010-04-14,3.03,3.03,2.93,2.97,10300,29.7
2010-04-15,2.98,3.16,2.93,3.16,24500,31.6
2010-04-16,3.15,3.2,3.03,3.13,13000,31.3
2010-04-19,3.13,3.25,3.13,3.2,19600,32.0
2010-04-20,3.24,3.25,3.12,3.15,5700,31.5
2010-04-21,3.14,3.23,3.14,3.15,8000,31.5
2010-04-22,3.11,3.21,3.1,3.19,9000,31.9
2010-04-23,3.2,3.2,3.17,3.18,4000,31.8
2010-04-26,3.15,3.25,3.14,3.25,13700,32.5
2010-04-27,3.26,3.32,3.24,3.27,11200,32.7
2010-04-28,3.3,3.3,3.25,3.3,10200,33.0
2010-04-29,3.32,3.38,3.31,3.38,7500,33.8
2010-04-30,3.38,3.4,3.34,3.34,14800,33.4
2010-05-03,3.3,3.45,3.2,3.41,27100,34.1
2010-05-04,3.4,3.5,3.36,3.43,25400,34.3
2010-05-05,3.26,3.52,3.2,3.52,30200,35.2
2010-05-06,3.51,3.51,3.2,3.29,21500,32.9
2010-05-07,3.24,3.48,3.16,3.41,22700,34.1
2010-05-10,3.48,3.55,3.41,3.43,9000,34.3
2010-05-11,3.42,3.62,3.31,3.62,21600,36.2
2010-05-12,3.61,3.89,3.56,3.87,63300,38.7
2010-05-13,3.9,3.92,3.62,3.75,45300,37.5
2010-05-14,3.65,3.73,3.35,3.5,48500,35.0
2010-05-17,3.45,3.57,3.36,3.42,28600,34.2
2010-05-18,3.4,3.68,3.4,3.52,31600,35.2
2010-05-19,3.5,3.5,3.25,3.36,21800,33.6
2010-05-20,3.29,3.35,3.07,3.07,28700,30.7
2010-05-21,2.98,3.19,2.78,3.18,35400,31.8
2010-05-24,3.14,3.24,3.11,3.14,12300,31.4
2010-05-25,3.0,3.05,2.9,3.05,30900,30.5
2010-05-26,3.04,3.14,2.98,3.02,22300,30.2
2010-05-27,3.19,3.33,3.05,3.3,32700,33.0
2010-05-28,3.27,3.34,3.19,3.32,28400,33.2
2010-06-01,3.3,3.31,3.19,3.24,14700,32.4
2010-06-02,3.23,3.34,3.19,3.32,18000,33.2
2010-06-03,3.3,3.31,3.2,3.25,9700,32.5
2010-06-04,3.19,3.25,3.13,3.17,13700,31.7
2010-06-07,3.21,3.24,2.96,2.98,12400,29.8
2010-06-08,2.97,3.2,2.91,2.95,12100,29.5
2010-06-09,2.96,3.08,2.92,2.97,11300,29.7
2010-06-10,3.09,3.2,2.94,3.08,21200,30.8
2010-06-11,3.05,3.12,2.97,3.04,13700,30.4
2010-06-14,3.13,3.2,3.09,3.11,8800,31.1
2010-06-15,3.11,3.15,3.05,3.15,8600,31.5
2010-06-16,3.15,3.16,3.1,3.11,6700,31.1
2010-06-17,3.1,3.14,3.08,3.14,5400,31.4
2010-06-18,3.12,3.14,3.04,3.06,8300,30.6
2010-06-21,3.11,3.13,2.92,2.94,18200,29.4
2010-06-22,2.94,2.96,2.82,2.87,16900,28.7
2010-06-23,2.85,2.99,2.82,2.86,15900,28.6
2010-06-24,2.88,2.93,2.84,2.9,25400,29.0
2010-06-25,2.9,2.94,2.76,2.91,460800,29.1
2010-06-28,2.93,2.99,2.77,2.85,24300,28.5
2010-06-29,2.81,2.84,2.75,2.77,33900,27.7
2010-06-30,2.76,2.83,2.72,2.72,25900,27.2
2010-07-01,2.74,2.75,2.57,2.58,18900,25.8
2010-07-02,2.61,2.85,2.6,2.79,20900,27.9
2010-07-06,2.83,2.98,2.68,2.7,16700,27.0
2010-07-07,2.72,2.83,2.72,2.79,13800,27.9
2010-07-08,2.93,3.02,2.8,2.83,21300,28.3
2010-07-09,2.83,3.0,2.83,2.85,21200,28.5
2010-07-12,2.91,3.1,2.87,3.05,27000,30.5
2010-07-13,3.05,3.15,2.99,3.02,38700,30.2
2010-07-14,3.02,3.02,2.88,2.95,10900,29.5
2010-07-15,2.95,2.96,2.84,2.89,6800,28.9
2010-07-16,2.87,2.99,2.75,2.75,11500,27.5
2010-07-19,2.77,3.04,2.77,2.9,20900,29.0
2010-07-20,2.88,2.96,2.84,2.9,10800,29.0
2010-07-21,2.91,3.01,2.8,2.8,9400,28.0
2010-07-22,2.84,2.89,2.76,2.85,20200,28.5
2010-07-23,2.84,3.05,2.8,2.94,13600,29.4
2010-07-26,2.96,3.0,2.89,2.94,20400,29.4
2010-07-27,3.04,3.16,2.88,2.92,39200,29.2
2010-07-28,2.93,2.93,2.8,2.8,32800,28.0
2010-07-29,2.82,2.89,2.75,2.78,18700,27.8
2010-07-30,2.75,2.92,2.71,2.77,34700,27.7
2010-08-02,2.82,2.9,2.76,2.8,25300,28.0
2010-08-03,2.78,2.87,2.78,2.84,11200,28.4
2010-08-04,2.84,3.0,2.84,3.0,20700,30.0
2010-08-05,2.5,2.58,2.42,2.46,570900,24.6
2010-08-06,2.5,2.52,2.45,2.45,117500,24.5
2010-08-09,2.55,2.57,2.5,2.56,115100,25.6
2010-08-10,2.56,2.66,2.53,2.64,83400,26.4
2010-08-11,2.6,2.7,2.56,2.58,90600,25.8
2010-08-12,2.54,2.66,2.53,2.58,50600,25.8
2010-08-13,2.59,2.64,2.54,2.56,36700,25.6
2010-08-16,2.59,2.65,2.55,2.63,47800,26.3
2010-08-17,2.66,2.7,2.63,2.68,43200,26.8
2010-08-18,2.69,2.7,2.65,2.7,36300,27.0
2010-08-19,2.7,2.72,2.63,2.67,47200,26.7
2010-08-20,2.67,2.7,2.61,2.62,50700,26.2
2010-08-23,2.65,2.79,2.63,2.72,78500,27.2
2010-08-24,2.74,2.88,2.7,2.81,124200,28.1
2010-08-25,2.82,2.87,2.65,2.79,108700,27.9
2010-08-26,2.83,3.08,2.76,2.9,128700,29.0
2010-08-27,2.95,2.96,2.8,2.95,55200,29.5
2010-08-30,2.93,3.1,2.87,2.89,85100,28.9
2010-08-31,2.9,3.0,2.82,2.82,84000,28.2
2010-09-01,2.87,3.09,2.84,2.99,77900,29.9
2010-09-02,2.97,3.4,2.9,3.08,240300,30.8
2010-09-03,3.16,3.18,3.0,3.02,87300,30.2
2010-09-07,3.05,3.16,2.95,3.03,78200,30.3
2010-09-08,3.08,3.2,3.05,3.18,74100,31.8
2010-09-09,3.2,3.23,3.12,3.16,45100,31.6
2010-09-10,3.16,3.24,3.1,3.16,71000,31.6
2010-09-13,3.2,3.25,3.16,3.19,58600,31.9
2010-09-14,3.25,3.28,3.16,3.18,45900,31.8
2010-09-15,3.18,3.3,3.17,3.28,68600,32.8
2010-09-16,3.29,3.3,3.25,3.27,56000,32.7
2010-09-17,3.3,3.47,3.27,3.43,128900,34.3
2010-09-20,3.48,3.64,3.44,3.62,155900,36.2
2010-09-21,3.63,3.64,3.42,3.51,94700,35.1
2010-09-22,3.48,3.55,3.4,3.53,65400,35.3
2010-09-23,3.53,3.59,3.44,3.47,46900,34.7
2010-09-24,3.5,3.56,3.45,3.49,53900,34.9
2010-09-27,3.5,3.5,3.35,3.36,73000,33.6
2010-09-28,3.4,3.4,3.2,3.27,105500,32.7
2010-09-29,3.27,3.36,3.17,3.19,101800,31.9
2010-09-30,3.19,3.19,3.03,3.17,158800,31.7
2010-10-01,3.18,3.26,3.14,3.15,148600,31.5
2010-10-04,3.18,3.18,2.84,2.99,246400,29.9
2010-10-05,2.99,2.99,2.7,2.75,195400,27.5
2010-10-06,2.79,3.05,2.7,2.95,160200,29.5
2010-10-07,2.96,3.15,2.81,2.92,148400,29.2
2010-10-08,2.95,3.07,2.82,3.03,258500,30.3
2010-10-11,1.38,1.52,1.33,1.38,1633200,13.8
2010-10-12,1.4,1.44,1.3,1.34,406900,13.4
2010-10-13,1.39,1.39,1.33,1.35,217200,13.5
2010-10-14,1.35,1.36,1.33,1.33,184300,13.3
2010-10-15,1.35,1.36,1.31,1.32,219600,13.2
2010-10-18,1.32,1.35,1.31,1.34,151400,13.4
2010-10-19,1.34,1.34,1.3,1.31,197600,13.1
2010-10-20,1.31,1.33,1.3,1.32,148500,13.2
2010-10-21,1.32,1.32,1.26,1.29,105600,12.9
2010-10-22,1.28,1.29,1.15,1.24,183100,12.4
2010-10-25,1.22,1.26,1.19,1.24,101400,12.4
2010-10-26,1.29,1.29,1.15,1.19,123500,11.9
2010-10-27,1.17,1.19,1.12,1.16,98400,11.6
2010-10-28,1.17,1.17,1.03,1.07,192400,10.7
2010-10-29,1.07,1.09,1.02,1.04,97600,10.4
2010-11-01,1.05,1.05,0.94,0.95,222900,9.5
2010-11-02,0.95,1.0,0.87,0.95,144000,9.5
2010-11-03,0.98,1.03,0.96,1.02,157900,10.2
2010-11-04,1.06,1.06,1.01,1.02,125800,10.2
2010-11-05,1.02,1.02,0.96,0.97,79800,9.7
2010-11-08,0.97,1.03,0.97,0.98,91800,9.8
2010-11-09,1.0,1.04,0.96,0.96,80200,9.6
2010-11-10,1.03,1.03,0.95,0.98,50100,9.8
2010-11-11,0.97,0.99,0.95,0.97,61900,9.7
2010-11-12,0.96,0.98,0.95,0.95,30300,9.5
2010-11-15,0.95,0.98,0.95,0.98,38400,9.8
2010-11-16,0.97,0.98,0.94,0.95,33600,9.5
2010-11-17,0.95,0.96,0.92,0.93,24700,9.3
2010-11-18,0.93,0.93,0.91,0.92,37500,9.2
2010-11-19,0.92,1.03,0.91,0.96,53500,9.6
2010-11-22,0.96,0.98,0.93,0.97,26500,9.7
2010-11-23,0.97,0.97,0.92,0.93,24600,9.3
2010-11-24,0.93,0.97,0.92,0.93,32700,9.3
2010-11-26,0.93,0.94,0.92,0.93,9400,9.3
2010-11-29,0.93,0.95,0.92,0.93,18600,9.3
2010-11-30,0.92,0.93,0.88,0.9,40100,9.0
2010-12-01,0.92,0.93,0.9,0.91,17200,9.1
2010-12-02,0.91,0.91,0.89,0.9,22800,9.0
2010-12-03,0.89,0.91,0.86,0.9,36200,9.0
2010-12-06,0.9,0.91,0.88,0.9,24500,9.0
2010-12-07,0.95,0.98,0.9,0.96,51900,9.6
2010-12-08,0.96,1.19,0.95,1.18,419500,11.8
2010-12-09,1.2,1.2,1.05,1.12,168900,11.2
2010-12-10,1.11,1.13,1.06,1.09,59400,10.9
2010-12-13,1.1,1.12,1.07,1.07,52900,10.7
2010-12-14,1.09,1.09,1.02,1.02,56600,10.2
2010-12-15,1.03,1.06,1.02,1.06,59900,10.6
2010-12-16,1.08,1.08,1.04,1.07,31300,10.7
2010-12-17,1.07,1.3,1.07,1.29,341800,12.9
2010-12-20,1.29,1.33,1.15,1.24,210700,12.4
2010-12-21,1.24,1.3,1.18,1.21,96300,12.1
2010-12-22,1.25,1.26,1.21,1.25,65800,12.5
2010-12-23,1.24,1.25,1.19,1.23,33900,12.3
2010-12-27,1.21,1.28,1.21,1.26,44800,12.6
2010-12-28,1.26,1.39,1.23,1.34,180900,13.4
2010-12-29,1.33,1.33,1.27,1.31,71500,13.1
2010-12-30,1.29,1.32,1.24,1.26,68700,12.6
2010-12-31,1.26,1.28,1.23,1.25,47400,12.5
2011-01-03,1.25,1.28,1.23,1.27,36400,12.7
2011-01-04,1.28,1.28,1.24,1.26,28700,12.6
2011-01-05,1.26,1.33,1.25,1.32,46400,13.2
2011-01-06,1.33,1.35,1.24,1.31,43400,13.1
2011-01-07,1.3,1.32,1.26,1.3,46100,13.0
2011-01-10,1.3,1.33,1.26,1.3,32300,13.0
2011-01-11,1.3,1.3,1.27,1.29,24800,12.9
2011-01-12,1.31,1.31,1.26,1.28,29700,12.8
2011-01-13,1.27,1.33,1.26,1.32,47800,13.2
2011-01-14,1.31,1.68,1.3,1.67,656200,16.7
2011-01-18,1.47,1.47,1.33,1.43,342900,14.3
2011-01-19,1.42,1.43,1.29,1.33,174300,13.3
2011-01-20,1.32,1.39,1.29,1.36,81100,13.6
2011-01-21,1.36,1.36,1.3,1.31,56900,13.1
2011-01-24,1.34,1.39,1.31,1.33,65400,13.3
2011-01-25,1.34,1.37,1.32,1.35,53100,13.5
2011-01-26,1.36,1.38,1.31,1.37,72600,13.7
2011-01-27,1.38,1.5,1.37,1.46,172000,14.6
2011-01-28,1.45,1.54,1.37,1.42,157400,14.2
2011-01-31,1.42,1.46,1.38,1.42,46600,14.2
2011-02-01,1.44,1.46,1.41,1.43,42800,14.3
2011-02-02,1.43,1.45,1.39,1.45,45100,14.5
2011-02-03,1.45,1.45,1.4,1.41,32100,14.1
2011-02-04,1.4,1.42,1.36,1.38,37000,13.8
2011-02-07,1.39,1.39,1.31,1.33,69400,13.3
2011-02-08,1.33,1.38,1.33,1.34,46300,13.4
2011-02-09,1.34,1.38,1.34,1.38,29900,13.8
2011-02-10,1.37,1.39,1.31,1.39,33500,13.9
2011-02-11,1.37,1.39,1.35,1.39,20400,13.9
2011-02-14,1.38,1.39,1.32,1.36,34000,13.6
2011-02-15,1.36,1.37,1.33,1.36,23800,13.6
2011-02-16,1.36,1.38,1.33,1.36,32200,13.6
2011-02-17,1.36,1.38,1.34,1.37,18000,13.7
2011-02-18,1.38,1.38,1.33,1.34,27900,13.4
2011-02-22,1.34,1.35,1.19,1.23,56300,12.3
2011-02-23,1.24,1.27,1.23,1.26,23400,12.6
2011-02-24,1.27,1.33,1.25,1.28,29400,12.8
2011-02-25,1.28,1.31,1.26,1.29,19900,12.9
2011-02-28,1.29,1.3,1.21,1.25,39900,12.5
2011-03-01,1.24,1.25,1.18,1.18,47100,11.8
2011-03-02,1.18,1.38,1.15,1.23,136200,12.3
2011-03-03,1.22,1.32,1.22,1.31,54000,13.1
2011-03-04,1.3,1.3,1.26,1.28,19900,12.8
2011-03-07,1.28,1.32,1.26,1.26,20800,12.6
2011-03-08,1.26,1.3,1.26,1.3,11700,13.0
2011-03-09,1.29,1.31,1.27,1.27,17000,12.7
2011-03-10,1.26,1.28,1.26,1.26,15400,12.6
2011-03-11,1.27,1.27,1.25,1.27,15700,12.7
2011-03-14,1.26,1.32,1.26,1.26,13000,12.6
2011-03-15,1.24,1.27,1.15,1.18,44800,11.8
2011-03-16,1.21,1.45,1.21,1.29,169200,12.9
2011-03-17,1.38,1.38,1.28,1.3,104200,13.0
2011-03-18,1.33,1.44,1.33,1.43,139800,14.3
2011-03-21,1.45,1.64,1.44,1.58,246100,15.8
2011-03-22,1.58,1.59,1.43,1.46,110300,14.6
2011-03-23,1.47,1.52,1.41,1.51,58600,15.1
2011-03-24,1.51,1.53,1.46,1.52,50500,15.2
2011-03-25,1.52,1.57,1.5,1.52,31900,15.2
2011-03-28,1.52,1.69,1.52,1.66,153900,16.6
2011-03-29,1.65,1.8,1.63,1.76,205000,17.6
2011-03-30,1.8,1.8,1.66,1.7,177900,17.0
2011-03-31,1.7,1.7,1.63,1.7,53900,17.0
2011-04-01,1.71,1.71,1.65,1.66,46500,16.6
2011-04-04,1.67,1.67,1.53,1.59,73800,15.9
2011-04-05,1.6,1.73,1.56,1.62,53100,16.2
2011-04-06,1.63,1.66,1.61,1.64,13100,16.4
2011-04-07,1.65,1.7,1.65,1.68,34200,16.8
2011-04-08,1.7,1.71,1.66,1.66,20100,16.6
2011-04-11,1.66,1.67,1.63,1.63,24700,16.3
2011-04-12,1.61,1.64,1.56,1.56,34600,15.6
2011-04-13,1.58,1.6,1.56,1.57,24300,15.7
2011-04-14,1.56,1.6,1.55,1.59,36200,15.9
2011-04-15,1.59,1.66,1.56,1.58,22700,15.8
2011-04-18,1.57,1.59,1.39,1.52,100600,15.2
2011-04-19,1.5,1.59,1.48,1.54,27600,15.4
2011-04-20,1.57,1.58,1.46,1.51,28200,15.1
2011-04-21,1.56,1.56,1.49,1.53,14400,15.3
2011-04-25,1.55,1.55,1.52,1.53,11800,15.3
2011-04-26,1.53,1.64,1.52,1.61,100000,16.1
2011-04-27,1.63,1.65,1.55,1.61,27700,16.1
2011-04-28,1.62,1.64,1.58,1.63,29200,16.3
2011-04-29,1.63,1.65,1.6,1.61,43500,16.1
2011-05-02,1.61,1.65,1.6,1.63,39700,16.3
2011-05-03,1.5,1.61,1.49,1.51,119500,15.1
2011-05-04,1.47,1.51,1.4,1.45,70800,14.5
2011-05-05,1.42,1.45,1.37,1.38,61300,13.8
2011-05-06,1.39,1.42,1.36,1.41,104700,14.1
2011-05-09,1.65,1.65,1.45,1.48,72400,14.8
2011-05-10,1.49,1.57,1.43,1.5,52200,15.0
2011-05-11,1.49,1.5,1.41,1.45,51600,14.5
2011-05-12,1.43,1.45,1.42,1.43,38700,14.3
2011-05-13,1.44,1.46,1.42,1.42,46300,14.2
2011-05-16,1.42,1.44,1.34,1.38,83000,13.8
2011-05-17,1.39,1.42,1.37,1.4,47400,14.0
2011-05-18,1.42,1.43,1.38,1.4,44400,14.0
2011-05-19,1.42,1.44,1.39,1.4,40700,14.0
2011-05-20,1.4,1.44,1.4,1.43,36800,14.3
2011-05-23,1.39,1.44,1.39,1.41,24500,14.1
2011-05-24,1.43,1.44,1.38,1.39,47900,13.9
2011-05-25,1.4,1.42,1.36,1.4,49300,14.0
2011-05-26,1.4,1.43,1.38,1.43,33100,14.3
2011-05-27,1.44,1.58,1.43,1.58,135200,15.8
2011-05-31,1.59,1.65,1.53,1.61,184500,16.1
2011-06-01,1.65,1.68,1.61,1.63,138700,16.3
2011-06-02,1.62,1.7,1.59,1.69,181500,16.9
2011-06-03,1.7,1.87,1.66,1.73,288600,17.3
2011-06-06,1.75,1.85,1.65,1.67,115700,16.7
2011-06-07,1.69,1.7,1.63,1.63,68400,16.3
2011-06-08,1.63,1.7,1.55,1.63,144400,16.3
2011-06-09,1.63,1.67,1.6,1.64,57700,16.4
2011-06-10,1.65,1.68,1.6,1.66,129100,16.6
2011-06-13,1.67,1.73,1.62,1.67,125600,16.7
2011-06-14,1.68,1.72,1.66,1.68,76000,16.8
2011-06-15,1.66,1.71,1.6,1.62,67700,16.2
2011-06-16,1.62,1.68,1.57,1.63,82900,16.3
2011-06-17,1.64,1.65,1.48,1.54,164200,15.4
2011-06-20,1.54,1.61,1.52,1.54,55500,15.4
2011-06-21,1.56,1.6,1.51,1.55,70000,15.5
2011-06-22,1.55,1.61,1.54,1.58,67600,15.8
2011-06-23,1.58,1.66,1.55,1.62,80500,16.2
2011-06-24,1.63,1.82,1.57,1.65,834800,16.5
2011-06-27,1.69,1.72,1.59,1.61,69600,16.1
2011-06-28,1.65,1.69,1.62,1.69,41900,16.9
2011-06-29,1.7,1.82,1.68,1.81,134800,18.1
2011-06-30,1.82,1.91,1.77,1.82,297200,18.2
2011-07-01,1.85,1.87,1.78,1.86,71700,18.6
2011-07-05,1.87,1.88,1.8,1.83,63800,18.3
2011-07-06,1.83,1.83,1.75,1.77,48300,17.7
2011-07-07,1.81,1.85,1.8,1.82,56000,18.2
2011-07-08,1.8,1.81,1.78,1.81,49300,18.1
2011-07-11,1.81,1.81,1.72,1.76,44400,17.6
2011-07-12,1.78,1.82,1.72,1.77,35300,17.7
2011-07-13,1.78,1.79,1.74,1.76,47200,17.6
2011-07-14,1.76,1.77,1.72,1.72,25600,17.2
2011-07-15,1.7,1.75,1.63,1.69,58900,16.9
2011-07-18,1.68,1.75,1.65,1.73,61000,17.3
2011-07-19,1.75,1.84,1.72,1.82,59500,18.2
2011-07-20,1.82,1.84,1.77,1.82,41700,18.2
2011-07-21,1.82,1.82,1.75,1.75,43900,17.5
2011-07-22,1.76,1.79,1.76,1.78,16800,17.8
2011-07-25,1.78,1.79,1.72,1.76,48700,17.6
2011-07-26,1.76,1.79,1.7,1.71,54700,17.1
2011-07-27,1.7,1.71,1.5,1.57,157500,15.7
2011-07-28,1.56,1.6,1.48,1.53,60200,15.3
2011-07-29,1.53,1.56,1.47,1.53,44700,15.3
2011-08-01,1.55,1.58,1.51,1.54,28800,15.4
2011-08-02,1.55,1.57,1.5,1.5,33200,15.0
2011-08-03,1.5,1.53,1.41,1.53,52400,15.3
2011-08-04,1.49,1.49,1.39,1.4,84800,14.0
2011-08-05,1.41,1.43,1.24,1.32,89400,13.2
2011-08-08,1.22,1.28,1.15,1.21,70000,12.1
2011-08-09,1.2,1.3,1.14,1.23,100500,12.3
2011-08-10,1.21,1.27,1.16,1.2,85600,12.0
2011-08-11,1.21,1.23,1.18,1.21,50200,12.1
2011-08-12,1.22,1.26,1.2,1.22,28800,12.2
2011-08-15,1.25,1.25,1.21,1.23,20900,12.3
2011-08-16,1.21,1.22,1.12,1.21,39100,12.1
2011-08-17,1.23,1.33,1.2,1.26,63300,12.6
2011-08-18,1.25,1.25,1.15,1.18,64800,11.8
2011-08-19,1.19,1.26,1.1,1.25,73400,12.5
2011-08-22,1.29,1.32,1.15,1.19,57600,11.9
2011-08-23,1.19,1.24,1.17,1.2,30500,12.0
2011-08-24,1.19,1.24,1.18,1.23,30800,12.3
2011-08-25,1.22,1.24,1.18,1.19,24600,11.9
2011-08-26,1.19,1.24,1.18,1.24,16300,12.4
2011-08-29,1.24,1.3,1.23,1.27,32900,12.7
2011-08-30,1.29,1.4,1.26,1.35,41300,13.5
2011-08-31,1.37,1.4,1.35,1.37,28300,13.7
2011-09-01,1.38,1.38,1.3,1.31,20500,13.1
2011-09-02,1.3,1.33,1.23,1.23,80800,12.3
2011-09-06,1.19,1.25,1.16,1.23,20900,12.3
2011-09-07,1.23,1.3,1.21,1.3,26700,13.0
2011-09-08,1.27,1.31,1.25,1.27,15800,12.7
2011-09-09,1.25,1.29,1.18,1.19,50600,11.9
2011-09-12,1.18,1.29,1.16,1.22,23400,12.2
2011-09-13,1.22,1.22,1.17,1.22,13000,12.2
2011-09-14,1.22,1.24,1.21,1.23,8900,12.3
2011-09-15,1.24,1.31,1.22,1.28,38100,12.8
2011-09-16,1.27,1.27,1.21,1.22,38700,12.2
2011-09-19,1.21,1.28,1.21,1.28,16900,12.8
2011-09-20,1.28,1.29,1.23,1.25,27500,12.5
2011-09-21,1.25,1.28,1.21,1.22,21900,12.2
2011-09-22,1.19,1.2,1.15,1.15,41400,11.5
2011-09-23,1.15,1.26,1.15,1.17,20900,11.7
2011-09-26,1.17,1.18,1.11,1.11,42100,11.1
2011-09-27,1.15,1.16,1.12,1.14,22100,11.4
2011-09-28,1.14,1.14,1.08,1.08,24000,10.8
2011-09-29,1.12,1.12,1.07,1.09,23400,10.9
2011-09-30,1.07,1.18,1.03,1.08,35500,10.8
2011-10-03,1.11,1.19,1.07,1.07,24800,10.7
2011-10-04,1.12,1.17,1.03,1.12,43300,11.2
2011-10-05,1.14,1.16,1.11,1.16,11200,11.6
2011-10-06,1.2,1.25,1.16,1.16,36400,11.6
2011-10-07,1.17,1.22,1.08,1.19,65900,11.9
2011-10-10,1.22,1.27,1.22,1.23,20200,12.3
2011-10-11,1.22,1.37,1.22,1.32,34600,13.2
2011-10-12,1.3,1.35,1.25,1.3,28400,13.0
2011-10-13,1.3,1.32,1.25,1.3,8500,13.0
2011-10-14,1.3,1.33,1.29,1.3,16500,13.0
2011-10-17,1.3,1.35,1.25,1.29,16600,12.9
2011-10-18,1.27,1.34,1.25,1.32,18200,13.2
2011-10-19,1.31,1.34,1.25,1.26,43700,12.6
2011-10-20,1.26,1.33,1.24,1.33,17900,13.3
2011-10-21,1.34,1.37,1.29,1.32,27300,13.2
2011-10-24,1.34,1.44,1.34,1.42,85100,14.2
2011-10-25,1.4,1.43,1.32,1.35,47000,13.5
2011-10-26,1.36,1.4,1.33,1.35,26600,13.5
2011-10-27,1.4,1.42,1.32,1.34,39200,13.4
2011-10-28,1.33,1.4,1.33,1.37,52900,13.7
2011-10-31,1.38,1.39,1.36,1.39,34000,13.9
2011-11-01,1.36,1.38,1.32,1.34,24200,13.4
2011-11-02,1.38,1.39,1.34,1.35,16400,13.5
2011-11-03,1.38,1.39,1.33,1.34,18100,13.4
2011-11-04,1.34,1.37,1.33,1.35,23700,13.5
2011-11-07,1.47,1.48,1.35,1.36,51900,13.6
2011-11-08,1.38,1.4,1.34,1.37,22900,13.7
2011-11-09,1.35,1.37,1.31,1.34,30700,13.4
2011-11-10,1.36,1.39,1.33,1.37,26300,13.7
2011-11-11,1.38,1.38,1.35,1.36,23400,13.6
2011-11-14,1.35,1.35,1.18,1.25,69700,12.5
2011-11-15,1.25,1.3,1.2,1.27,31500,12.7
2011-11-16,1.27,1.27,1.22,1.22,23900,12.2
2011-11-17,1.22,1.25,1.17,1.18,14500,11.8
2011-11-18,1.18,1.24,1.07,1.23,114200,12.3
2011-11-21,1.11,1.14,1.04,1.07,63200,10.7
2011-11-22,1.07,1.09,0.89,1.05,95800,10.5
2011-11-23,1.03,1.03,0.95,0.98,56600,9.8
2011-11-25,0.97,1.0,0.96,0.99,12600,9.9
2011-11-28,1.0,1.01,0.92,0.93,61800,9.3
2011-11-29,0.95,1.06,0.88,1.0,132000,10.0
2011-11-30,1.0,1.03,0.95,1.0,67800,10.0
2011-12-01,1.02,1.07,0.99,0.99,107900,9.9
2011-12-02,1.0,1.04,1.0,1.02,47300,10.2
2011-12-05,1.03,1.15,1.03,1.11,89000,11.1
2011-12-06,1.12,1.15,1.03,1.03,61300,10.3
2011-12-07,1.02,1.02,0.94,0.99,114200,9.9
2011-12-08,0.67,0.72,0.51,0.52,713400,5.2
2011-12-09,0.53,0.66,0.53,0.63,410700,6.3
2011-12-12,0.63,0.63,0.63,0.63,0,6.3
2011-12-13,0.95,1.0,0.77,0.78,1243500,7.8
2011-12-14,0.82,0.84,0.7,0.74,291100,7.4
2011-12-15,0.73,0.74,0.59,0.68,312900,6.8
2011-12-16,0.68,0.68,0.64,0.66,83000,6.6
2011-12-19,0.62,0.77,0.61,0.71,179700,7.1
2011-12-20,0.73,0.73,0.65,0.7,64300,7.0
2011-12-21,0.66,0.75,0.66,0.74,54200,7.4
2011-12-22,0.71,0.87,0.71,0.87,204100,8.7
2011-12-23,0.84,0.84,0.8,0.83,48800,8.3
2011-12-27,0.81,0.85,0.78,0.82,77000,8.2
2011-12-28,0.77,0.82,0.77,0.82,32200,8.2
2011-12-29,0.79,0.83,0.78,0.8,30900,8.0
2011-12-30,0.81,0.86,0.79,0.83,61600,8.3
2012-01-03,0.95,0.96,0.84,0.95,82500,9.5
2012-01-04,0.94,0.97,0.91,0.95,38000,9.5
2012-01-05,0.94,0.94,0.9,0.94,31200,9.4
2012-01-06,0.95,0.99,0.9,0.92,87400,9.2
2012-01-09,0.99,0.99,0.92,0.94,60400,9.4
2012-01-10,0.92,0.95,0.9,0.9,53500,9.0
2012-01-11,0.94,0.94,0.86,0.86,50200,8.6
2012-01-12,0.87,0.88,0.83,0.84,93800,8.4
2012-01-13,0.85,0.85,0.79,0.8,67200,8.0
2012-01-17,0.83,0.84,0.76,0.8,46900,8.0
2012-01-18,0.76,0.8,0.72,0.77,44800,7.7
2012-01-19,0.76,0.8,0.75,0.8,40900,8.0
2012-01-20,0.76,0.8,0.73,0.8,38700,8.0
2012-01-23,0.75,0.77,0.65,0.77,205500,7.7
2012-01-24,0.74,0.76,0.72,0.72,19400,7.2
2012-01-25,0.75,0.75,0.71,0.74,17900,7.4
2012-01-26,0.75,0.78,0.73,0.73,35100,7.3
2012-01-27,0.73,0.77,0.73,0.77,29700,7.7
2012-01-30,0.77,0.79,0.72,0.73,28800,7.3
2012-01-31,0.72,0.76,0.72,0.75,12700,7.5
2012-02-01,0.75,0.76,0.73,0.75,15900,7.5
2012-02-02,0.74,0.79,0.74,0.78,59100,7.8
2012-02-03,0.75,0.79,0.75,0.76,68000,7.6
2012-02-06,0.79,0.79,0.75,0.75,19000,7.5
2012-02-07,0.76,0.77,0.76,0.77,16900,7.7
2012-02-08,0.77,0.78,0.74,0.78,20200,7.8
2012-02-09,0.74,0.77,0.65,0.69,89400,6.9
2012-02-10,0.68,0.74,0.68,0.73,14600,7.3
2012-02-13,0.73,0.73,0.65,0.68,56600,6.8
2012-02-14,0.65,0.7,0.65,0.69,15300,6.9
2012-02-15,0.69,0.73,0.68,0.72,30700,7.2
2012-02-16,0.7,0.73,0.69,0.7,13300,7.0
2012-02-17,0.48,0.54,0.46,0.49,730800,4.9
2012-02-21,0.55,0.55,0.5,0.53,228200,5.3
2012-02-22,0.54,0.54,0.51,0.51,59100,5.1
2012-02-23,0.5,0.53,0.5,0.5,74900,5.0
2012-02-24,0.5,0.54,0.5,0.54,105200,5.4
2012-02-27,0.54,0.56,0.52,0.55,55800,5.5
2012-02-28,0.57,0.62,0.55,0.6,172400,6.0
2012-02-29,0.62,0.65,0.59,0.63,126000,6.3
2012-03-01,0.63,0.68,0.61,0.64,64300,6.4
2012-03-02,0.66,0.67,0.62,0.64,78700,6.4
2012-03-05,0.67,0.67,0.62,0.64,28400,6.4
2012-03-06,0.62,0.65,0.62,0.64,27200,6.4
2012-03-07,0.66,0.66,0.58,0.61,107300,6.1
2012-03-08,0.72,0.73,0.63,0.65,205100,6.5
2012-03-09,0.65,0.67,0.62,0.63,106900,6.3
2012-03-12,0.65,0.65,0.6,0.63,53200,6.3
2012-03-13,0.63,0.63,0.61,0.61,58000,6.1
2012-03-14,0.62,0.62,0.55,0.59,96300,5.9
2012-03-15,0.62,0.62,0.59,0.59,140600,5.9
2012-03-16,0.6,0.62,0.57,0.62,76500,6.2
2012-03-19,0.6,0.62,0.59,0.61,48800,6.1
2012-03-20,0.6,0.61,0.59,0.6,35400,6.0
2012-03-21,0.6,0.61,0.59,0.6,58300,6.0
2012-03-22,0.59,0.63,0.58,0.62,117000,6.2
2012-03-23,0.61,0.65,0.61,0.62,102200,6.2
2012-03-26,0.65,0.65,0.61,0.64,138600,6.4
2012-03-27,0.61,0.65,0.61,0.61,210800,6.1
2012-03-28,0.62,0.63,0.6,0.62,223200,6.2
2012-03-29,0.61,0.62,0.6,0.6,53400,6.0
2012-03-30,0.61,0.62,0.6,0.62,100100,6.2
2012-04-02,0.62,0.63,0.6,0.61,79200,6.1
2012-04-03,0.62,0.64,0.61,0.63,114700,6.3
2012-04-04,0.63,0.63,0.6,0.61,119800,6.1
2012-04-05,0.63,0.63,0.6,0.61,58400,6.1
2012-04-09,0.6,0.61,0.52,0.55,226900,5.5
2012-04-10,0.56,0.63,0.5,0.57,230500,5.7
2012-04-11,0.58,0.6,0.54,0.59,101100,5.9
2012-04-12,0.6,0.62,0.59,0.62,160300,6.2
2012-04-13,0.62,0.7,0.59,0.63,541200,6.3
2012-04-16,0.64,0.65,0.62,0.63,138300,6.3
2012-04-17,0.64,0.64,0.58,0.58,166900,5.8
2012-04-18,0.59,0.6,0.57,0.59,197900,5.9
2012-04-19,0.6,0.6,0.57,0.59,59700,5.9
2012-04-20,0.64,0.64,0.59,0.62,109000,6.2
2012-04-23,0.64,0.65,0.61,0.63,297200,6.3
2012-04-24,0.62,0.64,0.61,0.62,65500,6.2
2012-04-25,0.64,0.64,0.6,0.62,100200,6.2
2012-04-26,0.62,0.62,0.61,0.61,106200,6.1
2012-04-27,0.62,0.62,0.59,0.6,181400,6.0
2012-04-30,0.62,0.63,0.6,0.62,160700,6.2
2012-05-01,0.63,0.66,0.62,0.64,344700,6.4
2012-05-02,0.67,0.69,0.64,0.69,556000,6.9
2012-05-03,0.72,0.76,0.6,0.61,1154200,6.1
2012-05-04,0.4,0.51,0.38,0.49,1079100,4.9
2012-05-07,0.5,0.51,0.43,0.47,221200,4.7
2012-05-08,0.44,0.45,0.41,0.43,139000,4.3
2012-05-09,0.4,0.43,0.38,0.42,201900,4.2
2012-05-10,0.4,0.46,0.39,0.44,96100,4.4
2012-05-11,0.44,0.44,0.4,0.42,82500,4.2
2012-05-14,0.43,0.45,0.4,0.41,158800,4.1
2012-05-15,0.41,0.42,0.38,0.41,147700,4.1
2012-05-16,0.41,0.42,0.39,0.41,77500,4.1
2012-05-17,0.41,0.41,0.39,0.41,98800,4.1
2012-05-18,0.4,0.49,0.38,0.38,147900,3.8
2012-05-21,0.41,0.41,0.37,0.4,46800,4.0
2012-05-22,0.4,0.41,0.36,0.39,109500,3.9
2012-05-23,0.39,0.39,0.37,0.39,50800,3.9
2012-05-24,0.38,0.39,0.38,0.38,45600,3.8
2012-05-25,0.37,0.38,0.36,0.37,68600,3.7
2012-05-29,0.39,0.4,0.37,0.38,16100,3.8
2012-05-30,0.38,0.4,0.37,0.37,39600,3.7
2012-05-31,0.4,0.4,0.36,0.37,53700,3.7
2012-06-01,0.36,0.37,0.35,0.36,61300,3.6
2012-06-04,0.35,0.36,0.33,0.34,49600,3.4
2012-06-05,0.35,0.38,0.34,0.37,46900,3.7
2012-06-06,0.37,0.37,0.32,0.35,172300,3.5
2012-06-07,0.37,0.37,0.33,0.34,75500,3.4
2012-06-08,0.33,0.36,0.33,0.36,46000,3.6
2012-06-11,0.34,0.35,0.34,0.35,34400,3.5
2012-06-12,0.34,0.36,0.34,0.36,38900,3.6
2012-06-13,3.13,3.68,3.01,3.1,387600,3.1
2012-06-14,2.93,3.08,2.63,2.72,322100,2.72
2012-06-15,2.83,2.87,2.64,2.75,192700,2.75
2012-06-18,2.75,2.75,2.55,2.57,209400,2.57
2012-06-19,2.58,2.7,2.56,2.68,139600,2.68
2012-06-20,2.7,2.74,2.58,2.7,71300,2.7
2012-06-21,2.6,2.75,2.59,2.74,54400,2.74
2012-06-22,3.41,4.1,3.2,3.97,2961300,3.97
2012-06-25,4.49,4.99,4.28,4.62,3412100,4.62
2012-06-26,4.65,4.67,4.12,4.29,1008900,4.29
2012-06-27,4.09,4.1,3.81,4.06,569100,4.06
2012-06-28,4.0,4.0,3.73,3.86,361300,3.86
2012-06-29,4.15,4.41,3.88,4.24,680600,4.24
2012-07-02,4.5,4.87,4.44,4.52,709600,4.52
2012-07-03,4.5,4.5,4.3,4.41,114000,4.41
2012-07-05,4.45,4.8,4.37,4.72,549100,4.72
2012-07-06,4.3,4.35,3.65,4.21,1019500,4.21
2012-07-09,4.19,4.21,3.94,4.06,408700,4.06
2012-07-10,4.07,4.24,3.98,3.98,122900,3.98
2012-07-11,3.98,4.14,3.85,3.99,125500,3.99
2012-07-12,4.0,4.1,3.86,4.05,152000,4.05
2012-07-13,4.02,4.12,3.94,3.99,187000,3.99
2012-07-16,4.09,4.09,3.85,3.86,209500,3.86
2012-07-17,3.89,3.9,3.39,3.58,555600,3.58
2012-07-18,3.36,3.71,3.36,3.52,96800,3.52
2012-07-19,3.75,3.85,3.57,3.61,162100,3.61
2012-07-20,3.62,3.78,3.61,3.73,148000,3.73
2012-07-23,3.68,3.84,3.61,3.68,221500,3.68
2012-07-24,3.62,3.63,3.42,3.51,188200,3.51
2012-07-25,3.46,3.67,3.4,3.54,250500,3.54
2012-07-26,3.53,3.6,3.37,3.47,167600,3.47
2012-07-27,3.45,3.48,3.3,3.34,204500,3.34
2012-07-30,3.34,3.42,3.28,3.32,145900,3.32
2012-07-31,3.42,3.42,3.11,3.15,173700,3.15
2012-08-01,3.1,3.15,2.98,3.02,228600,3.02
2012-08-02,3.0,3.11,2.98,3.02,203100,3.02
2012-08-03,3.15,3.2,2.91,2.95,340700,2.95
2012-08-06,3.1,3.11,2.95,2.99,118300,2.99
2012-08-07,2.98,3.05,2.91,2.99,110300,2.99
2012-08-08,3.15,3.15,3.03,3.04,283600,3.04
2012-08-09,3.03,3.1,2.97,2.98,134600,2.98
2012-08-10,3.1,3.1,2.96,2.96,65700,2.96
2012-08-13,3.03,4.3,3.0,4.11,2549300,4.11
2012-08-14,4.05,4.17,3.67,3.82,903900,3.82
2012-08-15,3.68,4.02,3.68,4.0,288300,4.0
2012-08-16,4.15,4.15,3.86,3.99,285000,3.99
2012-08-17,4.02,4.08,3.85,4.0,727500,4.0
2012-08-20,4.12,4.37,4.0,4.02,1481700,4.02
2012-08-21,4.07,4.1,4.0,4.03,465500,4.03
2012-08-22,4.2,4.34,3.97,4.0,1520600,4.0
2012-08-23,3.99,4.19,3.91,4.12,429900,4.12
2012-08-24,4.15,4.23,4.06,4.19,313600,4.19
2012-08-27,4.24,4.25,4.05,4.17,443900,4.17
2012-08-28,4.24,4.72,4.14,4.66,1429900,4.66
2012-08-29,4.7,4.73,4.45,4.54,639500,4.54
2012-08-30,4.52,4.6,4.32,4.51,388700,4.51
2012-08-31,4.56,4.86,4.51,4.81,582900,4.81
2012-09-04,4.84,4.84,4.38,4.55,502500,4.55
2012-09-05,4.52,4.71,4.52,4.63,249700,4.63
2012-09-06,4.66,4.78,4.52,4.69,259600,4.69
2012-09-07,4.72,5.0,4.7,4.9,543800,4.9
2012-09-10,4.96,5.09,4.77,4.88,774100,4.88
2012-09-11,4.9,4.9,4.78,4.85,171800,4.85
2012-09-12,4.87,4.9,4.78,4.9,183400,4.9
2012-09-13,4.88,4.95,4.82,4.87,424700,4.87
2012-09-14,4.88,4.97,4.85,4.9,276900,4.9
2012-09-17,4.88,4.91,4.82,4.86,194200,4.86
2012-09-18,4.89,4.93,4.82,4.86,395200,4.86
2012-09-19,4.86,5.15,4.59,4.66,2218100,4.66
2012-09-20,4.67,4.86,4.65,4.83,340000,4.83
2012-09-21,4.87,4.9,4.72,4.72,313900,4.72
2012-09-24,4.72,4.81,4.52,4.56,451100,4.56
2012-09-25,4.56,4.56,4.37,4.37,370400,4.37
2012-09-26,4.36,4.47,4.12,4.41,347900,4.41
2012-09-27,4.42,4.45,4.36,4.36,152000,4.36
2012-09-28,4.35,4.44,4.27,4.4,211700,4.4
2012-10-01,4.4,4.85,4.4,4.57,544300,4.57
2012-10-02,4.59,4.78,4.59,4.69,275900,4.69
2012-10-03,4.71,4.92,4.71,4.86,314600,4.86
2012-10-04,4.92,5.15,4.87,5.03,765000,5.03
2012-10-05,5.12,5.7,5.02,5.55,1802200,5.55
2012-10-08,5.64,6.07,5.45,5.63,2386000,5.63
2012-10-09,5.65,5.93,5.53,5.71,843000,5.71
2012-10-10,5.85,5.85,5.63,5.73,312300,5.73
2012-10-11,5.74,5.95,5.6,5.67,514500,5.67
2012-10-12,5.71,5.78,5.5,5.67,371000,5.67
2012-10-15,5.68,5.68,5.4,5.53,294300,5.53
2012-10-16,5.59,5.59,5.25,5.32,292200,5.32
2012-10-17,5.31,5.57,5.25,5.57,360000,5.57
2012-10-18,5.56,5.58,5.46,5.47,169700,5.47
2012-10-19,5.5,5.58,5.25,5.27,300900,5.27
2012-10-22,5.35,5.49,5.1,5.24,280500,5.24
2012-10-23,5.16,5.21,5.02,5.18,250100,5.18
2012-10-24,5.2,5.21,5.02,5.05,231100,5.05
2012-10-25,5.08,5.29,5.03,5.11,310700,5.11
2012-10-26,5.14,5.23,4.95,5.07,233400,5.07
2012-10-31,5.07,5.2,5.0,5.02,197100,5.02
2012-11-01,5.06,5.07,4.81,4.85,378800,4.85
2012-11-02,4.81,4.84,4.35,4.68,828100,4.68
2012-11-05,4.65,4.7,4.46,4.57,279900,4.57
2012-11-06,4.6,4.61,4.42,4.46,364300,4.46
2012-11-07,4.19,4.31,3.78,3.92,980300,3.92
2012-11-08,3.92,4.19,3.9,4.03,375800,4.03
2012-11-09,4.02,4.18,3.98,4.11,269500,4.11
2012-11-12,4.13,4.22,4.04,4.08,220900,4.08
2012-11-13,4.06,4.1,3.95,4.06,274000,4.06
2012-11-14,4.08,4.08,3.81,3.9,282300,3.9
2012-11-15,3.91,4.06,3.91,4.0,229600,4.0
2012-11-16,4.05,4.2,3.99,4.12,269500,4.12
2012-11-19,4.4,4.5,4.2,4.32,476500,4.32
2012-11-20,4.34,4.75,4.33,4.75,731200,4.75
2012-11-21,4.76,5.15,4.76,5.11,933500,5.11
2012-11-23,5.15,5.44,5.12,5.42,393400,5.42
2012-11-26,5.4,5.42,4.88,4.97,1004500,4.97
2012-11-27,4.95,5.21,4.89,5.02,1151800,5.02
2012-11-28,5.05,5.24,4.88,5.17,922100,5.17
2012-11-29,5.19,5.36,5.1,5.25,418900,5.25
2012-11-30,5.36,5.68,5.3,5.5,1294200,5.5
2012-12-03,5.68,5.68,5.33,5.47,1038400,5.47
2012-12-04,5.79,5.79,5.46,5.52,1202200,5.52
2012-12-05,5.6,5.68,4.86,4.88,1758700,4.88
2012-12-06,4.86,5.18,4.8,5.12,792400,5.12
2012-12-07,5.14,5.25,5.04,5.19,425400,5.19
2012-12-10,5.26,5.3,5.11,5.23,657800,5.23
2012-12-11,5.21,5.27,5.15,5.25,557400,5.25
2012-12-12,5.06,5.11,4.83,4.95,756500,4.95
2012-12-13,4.95,5.36,4.95,5.24,781200,5.24
2012-12-14,6.25,6.25,5.6,5.84,3294600,5.84
2012-12-17,5.9,5.97,5.52,5.71,1049200,5.71
2012-12-18,5.71,5.8,5.52,5.69,591500,5.69
2012-12-19,5.69,5.69,5.39,5.49,989600,5.49
2012-12-20,5.55,6.29,5.51,6.22,2989000,6.22
2012-12-21,6.04,6.46,5.64,5.79,2583700,5.79
2012-12-24,5.18,5.44,4.81,4.99,3656500,4.99
2012-12-26,4.99,5.02,4.62,4.85,1712700,4.85
2012-12-27,5.0,5.0,4.73,4.87,691500,4.87
2012-12-28,4.8,4.97,4.7,4.88,767100,4.88
2012-12-31,4.89,5.01,4.63,4.95,892300,4.95
2013-01-02,4.99,5.15,4.86,5.13,787000,5.13
2013-01-03,5.03,5.15,4.93,4.96,481900,4.96
2013-01-04,4.98,5.1,4.83,5.0,457300,5.0
2013-01-07,4.94,4.94,4.75,4.8,483300,4.8
2013-01-08,4.82,4.82,4.6,4.74,572700,4.74
2013-01-09,4.78,4.93,4.74,4.92,378700,4.92
2013-01-10,4.97,4.97,4.71,4.93,264100,4.93
2013-01-11,4.89,4.91,4.69,4.85,341400,4.85
2013-01-14,4.88,4.88,4.74,4.81,344800,4.81
2013-01-15,4.81,4.81,4.65,4.69,277100,4.69
2013-01-16,4.7,4.73,4.58,4.67,301900,4.67
2013-01-17,4.72,4.8,4.65,4.76,632900,4.76
2013-01-18,4.8,4.8,4.6,4.71,458600,4.71
2013-01-22,4.71,4.75,4.5,4.55,411800,4.55
2013-01-23,4.64,4.64,4.52,4.53,230100,4.53
2013-01-24,4.51,4.56,4.45,4.48,279700,4.48
2013-01-25,4.48,4.61,4.38,4.53,286400,4.53
2013-01-28,4.53,4.58,4.45,4.48,256600,4.48
2013-01-29,4.47,4.53,4.27,4.31,270300,4.31
2013-01-30,4.31,4.32,4.05,4.1,398000,4.1
2013-01-31,4.1,4.26,4.04,4.26,199800,4.26
2013-02-01,4.29,4.36,4.11,4.14,178800,4.14
2013-02-04,4.08,4.2,4.06,4.08,227000,4.08
2013-02-05,4.08,4.17,4.03,4.14,195500,4.14
2013-02-06,4.15,4.24,4.14,4.18,152900,4.18
2013-02-07,4.22,4.22,4.06,4.2,196100,4.2
2013-02-08,4.2,4.25,4.12,4.24,100600,4.24
2013-02-11,4.22,4.43,4.18,4.32,183300,4.32
2013-02-12,4.3,4.35,4.13,4.18,237900,4.18
2013-02-13,4.21,4.42,4.13,4.33,172200,4.33
2013-02-14,4.33,4.6,4.27,4.58,281700,4.58
2013-02-15,4.6,4.78,4.55,4.61,204100,4.61
2013-02-19,4.66,4.75,4.61,4.67,212600,4.67
2013-02-20,4.65,4.7,4.46,4.46,172300,4.46
2013-02-21,4.7,4.7,4.3,4.44,299900,4.44
2013-02-22,4.46,4.6,4.33,4.47,88100,4.47
2013-02-25,4.54,4.59,4.3,4.41,152600,4.41
2013-02-26,4.41,4.44,4.23,4.36,194700,4.36
2013-02-27,4.34,4.37,4.07,4.24,157800,4.24
2013-02-28,4.29,4.45,4.15,4.43,124200,4.43
2013-03-01,4.38,4.47,4.23,4.33,70600,4.33
2013-03-04,4.31,4.45,4.2,4.4,117700,4.4
2013-03-05,4.42,4.9,4.23,4.68,405900,4.68
2013-03-06,4.74,4.8,4.41,4.48,228700,4.48
2013-03-07,4.5,4.59,4.45,4.51,107400,4.51
2013-03-08,4.54,4.58,4.4,4.48,121000,4.48
2013-03-11,4.45,4.5,4.33,4.44,91400,4.44
2013-03-12,4.41,4.5,4.4,4.41,56100,4.41
2013-03-13,4.4,4.51,4.39,4.5,108400,4.5
2013-03-14,4.5,4.68,4.47,4.63,150600,4.63
2013-03-15,4.63,4.63,4.5,4.55,73000,4.55
2013-03-18,4.55,4.7,4.42,4.68,220100,4.68
2013-03-19,4.67,4.71,4.52,4.53,171600,4.53
2013-03-20,4.52,4.75,4.52,4.61,105200,4.61
2013-03-21,4.57,4.65,4.53,4.58,24500,4.58
2013-03-22,4.59,4.68,4.51,4.58,86500,4.58
2013-03-25,4.61,4.65,4.3,4.52,112900,4.52
2013-03-26,4.51,4.63,4.34,4.34,73000,4.34
2013-03-27,4.3,4.7,4.3,4.42,456500,4.42
2013-03-28,4.43,4.46,4.28,4.42,160100,4.42
2013-04-01,4.42,4.45,4.32,4.4,59700,4.4
2013-04-02,4.48,4.5,4.3,4.39,134900,4.39
2013-04-03,4.58,4.73,4.45,4.57,414800,4.57
2013-04-04,4.63,4.66,4.52,4.62,169600,4.62
2013-04-05,4.5,4.65,4.5,4.56,182600,4.56
2013-04-08,4.59,4.6,4.52,4.6,83700,4.6
2013-04-09,4.6,4.61,4.51,4.55,76100,4.55
2013-04-10,4.54,4.75,4.54,4.72,291200,4.72
2013-04-11,4.7,5.03,4.7,4.97,446800,4.97
2013-04-12,4.92,4.97,4.82,4.87,160800,4.87
2013-04-15,4.87,4.87,4.65,4.66,293700,4.66
2013-04-16,4.78,4.78,4.6,4.7,104100,4.7
2013-04-17,4.66,4.83,4.42,4.64,174800,4.64
2013-04-18,4.66,4.66,4.52,4.64,147900,4.64
2013-04-19,4.64,4.64,4.42,4.51,259200,4.51
2013-04-22,4.54,4.56,4.3,4.38,251800,4.38
2013-04-23,4.38,4.42,4.21,4.33,86600,4.33
2013-04-24,4.34,4.42,4.3,4.33,69000,4.33
2013-04-25,4.35,4.38,4.25,4.32,80500,4.32
2013-04-26,4.29,4.36,4.22,4.29,84000,4.29
2013-04-29,4.32,4.47,4.26,4.32,134700,4.32
2013-04-30,4.3,4.36,4.27,4.29,77900,4.29
2013-05-01,4.28,4.33,4.25,4.33,40200,4.33
2013-05-02,4.3,4.38,4.25,4.27,20900,4.27
2013-05-03,4.37,4.42,4.34,4.38,65500,4.38
2013-05-06,4.33,4.4,4.3,4.33,40200,4.33
2013-05-07,4.31,4.46,4.3,4.35,66700,4.35
2013-05-08,6.55,6.65,5.24,5.31,8955100,5.31
2013-05-09,5.2,5.2,4.85,4.88,1886500,4.88
2013-05-10,4.86,4.95,4.77,4.91,999000,4.91
2013-05-13,4.9,4.9,4.68,4.7,588000,4.7
2013-05-14,4.76,4.87,4.74,4.77,642200,4.77
2013-05-15,4.87,4.92,4.52,4.63,1098400,4.63
2013-05-16,4.6,4.64,4.32,4.43,711200,4.43
2013-05-17,4.42,4.52,4.28,4.39,536100,4.39
2013-05-20,4.36,4.5,4.35,4.45,341500,4.45
2013-05-21,4.41,4.75,4.39,4.68,719700,4.68
2013-05-22,4.71,4.74,4.58,4.67,408800,4.67
2013-05-23,4.59,4.59,4.41,4.51,617400,4.51
2013-05-24,4.51,4.65,4.51,4.59,274900,4.59
2013-05-28,4.7,4.86,4.59,4.75,477500,4.75
2013-05-29,4.73,4.75,4.56,4.62,197200,4.62
2013-05-30,4.61,4.69,4.55,4.59,174600,4.59
2013-05-31,4.56,4.62,4.45,4.51,237000,4.51
2013-06-03,4.48,4.5,4.4,4.44,171800,4.44
2013-06-04,4.43,4.51,4.31,4.5,210200,4.5
2013-06-05,4.47,4.49,4.31,4.34,198200,4.34
2013-06-06,4.34,4.43,4.3,4.4,429000,4.4
2013-06-07,4.4,4.55,4.4,4.55,192300,4.55
2013-06-10,4.55,4.64,4.5,4.62,115800,4.62
2013-06-11,4.58,4.69,4.55,4.63,173300,4.63
2013-06-12,4.67,4.8,4.55,4.57,278700,4.57
2013-06-13,4.56,4.74,4.5,4.61,373300,4.61
2013-06-14,4.62,4.74,4.62,4.64,117100,4.64
2013-06-17,4.66,4.67,4.58,4.59,102800,4.59
2013-06-18,4.57,4.63,4.5,4.53,109200,4.53
2013-06-19,4.51,4.65,4.44,4.55,119300,4.55
2013-06-20,4.5,4.53,4.36,4.48,238000,4.48
2013-06-21,4.47,4.52,4.35,4.36,173300,4.36
2013-06-24,4.35,4.4,4.15,4.3,428300,4.3
2013-06-25,4.31,4.32,4.2,4.28,112600,4.28
2013-06-26,4.28,4.4,4.27,4.27,148800,4.27
2013-06-27,4.32,4.38,4.25,4.34,74100,4.34
2013-06-28,4.32,4.41,4.22,4.34,215500,4.34
2013-07-01,4.32,4.43,4.27,4.33,80400,4.33
2013-07-02,4.31,4.34,4.17,4.24,230400,4.24
2013-07-03,4.2,4.27,4.16,4.27,89100,4.27
2013-07-05,4.29,4.3,4.24,4.27,80500,4.27
2013-07-08,4.39,4.41,4.29,4.29,205200,4.29
2013-07-09,4.3,4.33,4.22,4.27,134400,4.27
2013-07-10,4.25,4.39,4.23,4.35,155600,4.35
2013-07-11,4.36,4.55,4.35,4.46,349500,4.46
2013-07-12,4.43,4.51,4.38,4.46,82600,4.46
2013-07-15,4.42,4.59,4.42,4.57,156400,4.57
2013-07-16,4.57,4.65,4.56,4.56,100800,4.56
2013-07-17,4.57,4.59,4.42,4.47,115900,4.47
2013-07-18,4.46,4.5,4.29,4.5,78700,4.5
2013-07-19,4.47,4.58,4.42,4.47,76300,4.47
2013-07-22,4.48,4.58,4.46,4.54,227200,4.54
2013-07-23,4.55,4.62,4.46,4.54,95400,4.54
2013-07-24,4.6,4.6,4.31,4.51,236400,4.51
2013-07-25,4.48,4.54,4.41,4.51,101000,4.51
2013-07-26,4.48,4.54,4.44,4.48,165000,4.48
2013-07-29,4.52,4.72,4.49,4.54,661700,4.54
2013-07-30,4.7,4.73,4.51,4.63,509300,4.63
2013-07-31,4.63,4.8,4.59,4.66,350600,4.66
2013-08-01,4.72,4.88,4.66,4.86,216500,4.86
2013-08-02,4.9,5.24,4.87,5.04,699500,5.04
2013-08-05,5.04,5.38,5.0,5.37,612100,5.37
2013-08-06,5.37,5.52,5.25,5.33,604900,5.33
2013-08-07,5.34,5.41,5.04,5.26,360800,5.26
2013-08-08,5.3,5.36,5.02,5.2,413000,5.2
2013-08-09,5.0,5.0,4.62,4.72,725900,4.72
2013-08-12,4.74,4.82,4.6,4.73,178600,4.73
2013-08-13,4.71,4.78,4.58,4.7,228200,4.7
2013-08-14,4.67,4.75,4.59,4.63,210900,4.63
2013-08-15,4.58,4.62,4.53,4.6,167600,4.6
2013-08-16,4.57,4.61,4.26,4.34,476800,4.34
2013-08-19,4.34,4.43,4.28,4.37,358200,4.37
2013-08-20,4.38,4.38,4.24,4.29,172600,4.29
2013-08-21,4.26,4.35,4.26,4.31,122800,4.31
2013-08-22,4.34,4.38,4.23,4.38,268600,4.38
2013-08-23,4.4,4.44,4.35,4.35,132300,4.35
2013-08-26,4.36,4.42,4.31,4.35,88200,4.35
2013-08-27,4.34,4.38,4.23,4.27,222900,4.27
2013-08-28,4.25,4.34,4.23,4.29,111100,4.29
2013-08-29,4.29,4.34,4.25,4.3,104000,4.3
2013-08-30,4.28,4.41,4.25,4.41,209800,4.41
2013-09-03,4.42,4.68,4.42,4.63,428000,4.63
2013-09-04,4.63,4.75,4.56,4.7,139400,4.7
2013-09-05,4.7,4.74,4.61,4.64,86800,4.64
2013-09-06,4.65,4.82,4.59,4.72,285800,4.72
2013-09-09,4.73,4.83,4.73,4.78,121900,4.78
2013-09-10,4.78,5.1,4.73,5.09,712100,5.09
2013-09-11,5.08,5.25,5.05,5.07,363000,5.07
2013-09-12,5.1,5.19,5.09,5.12,196200,5.12
2013-09-13,5.13,5.35,5.09,5.27,354900,5.27
2013-09-16,5.3,5.52,5.26,5.36,620300,5.36
2013-09-17,5.37,5.41,5.07,5.13,535700,5.13
2013-09-18,5.1,5.29,4.94,5.23,419800,5.23
2013-09-19,5.27,5.33,5.16,5.28,144800,5.28
2013-09-20,5.26,5.27,5.05,5.14,182000,5.14
2013-09-23,5.14,5.16,4.95,5.13,254100,5.13
2013-09-24,5.12,5.25,5.01,5.18,100100,5.18
2013-09-25,5.17,5.19,5.08,5.14,69500,5.14
2013-09-26,5.12,5.26,5.07,5.2,154700,5.2
2013-09-27,5.18,5.25,5.1,5.18,92200,5.18
2013-09-30,5.12,5.14,5.08,5.12,58000,5.12
2013-10-01,5.1,5.29,5.1,5.23,142400,5.23
2013-10-02,5.2,5.25,5.2,5.2,80700,5.2
2013-10-03,5.2,5.23,5.13,5.23,286100,5.23
2013-10-04,5.23,5.32,5.23,5.3,137700,5.3
2013-10-07,5.28,5.35,5.18,5.22,98600,5.22
2013-10-08,5.2,5.28,4.99,5.08,142200,5.08
2013-10-09,5.09,5.25,4.85,4.92,428700,4.92
2013-10-10,5.0,5.04,4.86,5.0,94800,5.0
2013-10-11,5.0,5.25,4.99,5.14,145500,5.14
2013-10-14,5.13,5.21,5.02,5.11,119700,5.11
2013-10-15,5.11,5.17,5.0,5.05,59000,5.05
2013-10-16,5.07,5.1,5.04,5.1,83500,5.1
2013-10-17,5.06,5.21,5.01,5.18,99400,5.18
2013-10-18,5.18,5.24,5.12,5.22,79700,5.22
2013-10-21,5.2,5.28,5.17,5.22,86000,5.22
2013-10-22,5.24,5.29,5.23,5.25,148000,5.25
2013-10-23,5.22,5.3,5.22,5.25,110900,5.25
2013-10-24,5.3,5.32,5.23,5.27,117600,5.27
2013-10-25,5.29,5.3,5.18,5.23,80100,5.23
2013-10-28,5.2,5.2,5.0,5.17,130400,5.17
2013-10-29,5.15,5.21,5.07,5.2,50900,5.2
2013-10-30,5.23,5.27,5.15,5.17,81000,5.17
2013-10-31,5.18,5.18,4.89,4.99,132400,4.99
2013-11-01,4.99,5.09,4.95,5.02,87600,5.02
2013-11-04,5.01,5.19,4.94,5.13,154500,5.13
2013-11-05,5.14,5.28,5.14,5.19,129500,5.19
2013-11-06,5.23,5.25,4.94,5.0,253100,5.0
2013-11-07,5.03,5.09,4.55,4.61,424900,4.61
2013-11-08,4.61,4.66,4.47,4.58,183700,4.58
2013-11-11,4.56,4.69,4.48,4.51,87400,4.51
2013-11-12,4.49,4.63,4.46,4.58,64200,4.58
2013-11-13,4.56,4.62,4.5,4.62,91100,4.62
2013-11-14,4.65,4.72,4.65,4.7,59700,4.7
2013-11-15,4.7,4.83,4.7,4.8,66300,4.8
2013-11-18,4.8,4.84,4.63,4.66,84200,4.66
2013-11-19,4.63,4.8,4.55,4.64,53100,4.64
2013-11-20,4.67,4.83,4.67,4.77,36700,4.77
2013-11-21,4.72,4.75,4.65,4.7,69400,4.7
2013-11-22,4.73,4.8,4.65,4.8,87500,4.8
2013-11-25,4.78,4.82,4.7,4.77,39900,4.77
2013-11-26,4.76,4.84,4.72,4.84,43200,4.84
2013-11-27,4.82,5.05,4.76,4.96,200800,4.96
2013-11-29,5.0,5.0,4.9,4.94,24300,4.94
2013-12-02,4.9,5.01,4.85,4.95,113900,4.95
2013-12-03,4.91,4.94,4.8,4.8,92200,4.8
2013-12-04,4.8,5.12,4.76,5.11,123900,5.11
2013-12-05,5.13,5.14,4.97,4.98,68300,4.98
2013-12-06,5.04,5.09,4.73,4.83,273200,4.83
2013-12-09,4.82,4.85,4.64,4.7,89300,4.7
2013-12-10,4.68,4.8,4.68,4.73,28900,4.73
2013-12-11,4.79,4.79,4.68,4.72,46000,4.72
2013-12-12,4.7,4.73,4.55,4.59,39900,4.59
2013-12-13,4.57,4.69,4.54,4.59,62600,4.59
2013-12-16,4.6,4.73,4.6,4.71,70700,4.71
2013-12-17,4.67,4.71,4.54,4.54,77000,4.54
2013-12-18,4.54,4.64,4.51,4.55,51300,4.55
2013-12-19,4.52,4.56,4.12,4.54,182700,4.54
2013-12-20,4.52,4.83,4.52,4.83,223500,4.83
2013-12-23,4.81,4.81,4.69,4.72,70400,4.72
2013-12-24,4.69,4.77,4.57,4.72,30000,4.72
2013-12-26,4.7,4.78,4.64,4.73,52100,4.73
2013-12-27,4.7,4.78,4.65,4.7,42100,4.7
2013-12-30,4.69,4.74,4.65,4.7,47900,4.7
2013-12-31,4.68,4.77,4.64,4.73,95500,4.73
2014-01-02,4.73,4.79,4.67,4.77,53100,4.77
2014-01-03,4.75,4.95,4.74,4.89,80300,4.89
2014-01-06,4.87,4.9,4.82,4.86,53400,4.86
2014-01-07,4.87,4.94,4.87,4.91,65900,4.91
2014-01-08,4.89,5.09,4.89,4.99,79000,4.99
2014-01-09,5.06,5.22,5.0,5.12,195900,5.12
2014-01-10,5.15,5.43,5.14,5.4,314300,5.4
2014-01-13,5.43,5.43,5.2,5.28,139900,5.28
2014-01-14,5.27,5.35,5.21,5.29,65800,5.29
2014-01-15,5.32,5.34,5.22,5.3,72100,5.3
2014-01-16,5.32,5.34,5.2,5.33,119700,5.33
2014-01-17,5.31,5.31,5.2,5.23,137100,5.23
2014-01-21,5.24,5.25,5.03,5.2,107500,5.2
2014-01-22,5.2,5.29,5.2,5.26,62900,5.26
2014-01-23,5.21,5.28,5.2,5.23,61000,5.23
2014-01-24,5.19,5.24,5.05,5.18,76100,5.18
2014-01-27,5.15,5.15,4.81,4.96,137000,4.96
2014-01-28,4.92,5.21,4.92,5.12,89600,5.12
2014-01-29,5.1,5.2,5.06,5.14,58400,5.14
2014-01-30,5.17,5.28,5.09,5.16,71700,5.16
2014-01-31,5.12,5.19,5.08,5.11,34800,5.11
2014-02-03,5.09,5.14,4.82,4.9,133200,4.9
2014-02-04,4.91,5.06,4.82,4.9,88600,4.9
2014-02-05,4.91,5.04,4.81,4.9,59200,4.9
2014-02-06,4.94,5.04,4.88,4.94,45700,4.94
2014-02-07,5.01,5.07,4.71,4.98,118000,4.98
2014-02-10,5.01,5.22,4.95,5.1,116900,5.1
2014-02-11,5.1,5.4,5.1,5.23,169300,5.23
2014-02-12,5.17,5.43,5.14,5.2,71900,5.2
2014-02-13,5.15,5.2,5.14,5.2,37500,5.2
2014-02-14,5.2,5.2,5.15,5.19,26000,5.19
2014-02-18,5.18,5.2,5.01,5.17,69200,5.17
2014-02-19,5.18,5.34,5.17,5.21,90000,5.21
2014-02-20,5.27,5.63,5.27,5.47,280900,5.47
2014-02-21,5.52,5.57,5.4,5.48,76400,5.48
2014-02-24,5.47,5.5,5.33,5.46,100200,5.46
2014-02-25,5.44,5.93,5.33,5.63,432400,5.63
2014-02-26,5.65,5.79,5.54,5.65,153400,5.65
2014-02-27,5.65,5.73,5.51,5.61,151100,5.61
2014-02-28,5.57,5.69,5.44,5.48,132700,5.48
2014-03-03,5.47,5.68,5.25,5.55,107900,5.55
2014-03-04,5.65,5.65,5.45,5.55,79000,5.55
2014-03-05,5.52,5.65,5.35,5.53,145200,5.53
2014-03-06,5.52,5.55,5.41,5.5,270300,5.5
2014-03-07,5.63,5.68,5.39,5.47,194400,5.47
2014-03-10,5.43,5.53,5.37,5.44,67900,5.44
2014-03-11,5.44,5.45,5.22,5.31,113700,5.31
2014-03-12,5.25,5.3,5.17,5.27,55800,5.27
2014-03-13,5.32,5.32,5.01,5.15,122700,5.15
2014-03-14,5.12,5.15,4.92,5.11,150600,5.11
2014-03-17,5.12,5.25,4.85,5.08,171200,5.08
2014-03-18,4.88,5.18,4.88,4.99,111200,4.99
2014-03-19,4.99,5.13,4.9,4.94,288500,4.94
2014-03-20,4.9,5.01,4.81,4.95,213900,4.95
2014-03-21,4.98,4.98,4.8,4.89,87300,4.89
2014-03-24,4.92,4.92,4.53,4.65,290500,4.65
2014-03-25,4.7,4.9,4.45,4.49,212700,4.49
2014-03-26,4.55,4.55,4.28,4.42,313500,4.42
2014-03-27,4.43,4.52,4.2,4.29,290600,4.29
2014-03-28,4.29,4.41,4.26,4.35,97500,4.35
2014-03-31,4.41,4.5,4.35,4.43,104500,4.43
2014-04-01,4.49,4.65,4.47,4.5,88000,4.5
2014-04-02,4.58,4.65,4.43,4.48,140900,4.48
2014-04-03,4.5,4.55,4.36,4.39,110300,4.39
2014-04-04,4.44,4.44,4.21,4.26,161800,4.26
2014-04-07,4.27,4.28,4.01,4.13,156900,4.13
2014-04-08,4.12,4.38,4.12,4.3,55600,4.3
2014-04-09,4.35,4.39,4.29,4.35,59700,4.35
2014-04-10,4.36,4.44,4.21,4.23,58900,4.23
2014-04-11,4.21,4.25,4.03,4.06,141900,4.06
2014-04-14,4.06,4.23,3.92,4.07,154200,4.07
2014-04-15,4.13,4.29,3.93,4.17,123400,4.17
2014-04-16,4.17,4.25,4.07,4.1,84700,4.1
2014-04-17,4.1,4.18,4.1,4.13,54900,4.13
2014-04-21,4.16,4.31,4.16,4.25,52100,4.25
2014-04-22,4.25,4.31,4.2,4.24,115000,4.24
2014-04-23,4.24,4.34,4.16,4.33,113900,4.33
2014-04-24,4.35,4.39,4.25,4.31,74100,4.31
